title,duration,rating,voters,genre
1. The Substance,2h 21m,7.2,333K,Horror
2. Nosferatu,2h 12m,7.2,228K,Horror
3. Alien: Romulus,1h 59m,7.1,263K,Horror
4. Heretic,1h 51m,7.0,183K,Horror
5. Longlegs,1h 41m,6.6,201K,Horror
6. Speak No Evil,1h 50m,6.8,117K,Horror
7. Beetlejuice Beetlejuice,1h 45m,6.6,160K,Horror
8. A Sacrifice,1h 34m,5.0,6.2K,Horror
9. Smile 2,2h 7m,6.7,122K,Horror
10. Presence,1h 24m,6.1,35K,Horror
11. Trap,1h 45m,5.8,149K,Horror
12. Oddity,1h 38m,6.7,50K,Horror
13. MaXXXine,1h 43m,6.2,77K,Horror
14. Kinds of Kindness,2h 44m,6.5,63K,Horror
15. Terrifier 3,2h 5m,6.3,54K,Horror
16. Witchboard,1h 52m,5.7,438,Horror
17. Abigail,1h 49m,6.5,103K,Horror
18. A Quiet Place: Day One,1h 39m,6.3,159K,Horror
19. The A-Frame,1h 22m,5.5,151,Horror
20. Don't Move,1h 32m,5.8,42K,Horror
21. Arcadian,1h 32m,5.5,25K,Horror
22. The Watchers,1h 42m,5.7,61K,Horror
23. Salem's Lot,1h 54m,5.6,37K,Horror
24. Azrael,1h 26m,5.3,13K,Horror
25. Noise,1h 33m,5.9,275,Horror
26. The Crow,1h 51m,4.7,38K,Horror
27. River of Blood,1h 26m,4.8,2.4K,Horror
28. Get Away,1h 26m,5.3,8.9K,Horror
29. Bone Lake,1h 34m,7.1,59,Horror
30. Cloud,2h 4m,6.4,2.3K,Horror
31. The Damned,1h 29m,5.7,6.4K,Horror
32. Immaculate,1h 29m,5.8,56K,Horror
33. The Deliverance,1h 52m,5.1,24K,Horror
34. Nightbitch,1h 39m,5.5,22K,Horror
35. Cuckoo,1h 42m,5.7,31K,Horror
36. Apartment 7A,1h 47m,5.9,18K,Horror
37. MadS,1h 29m,6.4,9.6K,Horror
38. Lembayung,2h 3m,5.9,819,Horror
39. The Rule of Jenny Pen,1h 44m,6.2,7.7K,Horror
40. Time Cut,1h 31m,5.0,21K,Horror
41. Night Swim,1h 38m,4.7,29K,Horror
42. Y2K,1h 31m,4.8,17K,Horror
43. The First Omen,1h 59m,6.5,67K,Horror
44. Tarot,1h 32m,4.8,34K,Horror
45. The Shrouds,2h,5.8,5.7K,Horror
46. Hellboy: The Crooked Man,1h 39m,4.5,15K,Horror
47. Monster Island,1h 23m,5.2,1.3K,Horror
48. Shelby Oaks,1h 39m,5.4,360,Horror
49. Strange Harvest,1h 34m,6.6,417,Horror
50. Went Up the Hill,1h 40m,6.2,207,Horror
51. The Strangers: Chapter 1,1h 31m,4.6,24K,Horror
52. Werewolves,1h 33m,4.4,8K,Horror
53. Survive,1h 30m,4.6,3.7K,Horror
54. Dirty Boy,1h 38m,7.6,49,Horror
55. Exhuma,2h 14m,6.9,26K,Horror
56. Queen of Bones,1h 30m,4.5,400,Horror
57. Night of the Zoopocalypse,1h 31m,6.0,1.1K,Horror
58. Please Don't Feed the Children,1h 34m,4.7,786,Horror
59. Traumatika,1h 27m,5.8,76,Horror
60. Jimmy and Stiggs,1h 19m,6.0,259,Horror
61. The Master and Margarita,2h 36m,7.1,5.5K,Horror
62. In a Violent Nature,1h 34m,5.6,28K,Horror
63. Apocalypse Z: The Beginning of the End,1h 57m,6.1,22K,Horror
64. Never Let Go,1h 41m,5.4,17K,Horror
65. Push,1h 29m,4.7,742,Horror
66. Rumours,1h 44m,4.9,5.6K,Horror
67. Jeffrey's Hell,1h 20m,4.9,121,Horror
68. The Platform 2,1h 39m,4.9,43K,Horror
69. Cellar Door,1h 37m,5.2,5.1K,Horror
70. Lisa Frankenstein,1h 41m,6.1,29K,Horror
71. Frewaka,1h 43m,6.1,2.1K,Horror
72. The Balconettes,1h 44m,5.8,1.8K,Horror
73. Under Paris,1h 44m,5.2,38K,Horror
74. Die Alone,1h 30m,5.8,4.3K,Horror
75. Bramayugam,2h 19m,7.8,15K,Horror
76. The House on Laura Anne Dr.,1h 15m,5.3,1.6K,Horror
77. Succubus,1h 43m,4.6,1.5K,Horror
78. Dead Mail,1h 46m,6.0,2.6K,Horror
79. The Devil's Bath,2h 1m,6.6,7.1K,Horror
80. Scurry,1h 30m,7.7,31,Horror
81. Animale,1h 38m,5.8,403,Horror
82. The Beast Within,1h 37m,4.2,5.6K,Horror
83. Ick,1h 33m,5.8,381,Horror
84. Your Monster,1h 43m,6.4,6.8K,Horror
85. House of Sayuri,1h 48m,6.2,479,Horror
86. Mononoke the Movie: The Phantom in the Rain,1h 29m,6.7,1.6K,Horror
87. I Don't Understand You,1h 37m,5.3,1.2K,Horror
88. Chime,45m,6.4,2.9K,Horror
89. Stree 2: Sarkate Ka Aatank,2h 27m,6.9,44K,Horror
90. Bagman,1h 33m,4.7,7K,Horror
91. The Wailing,1h 47m,6.1,2K,Horror
92. Shaitaan,2h 12m,6.5,55K,Horror
93. Ghost Killer,1h 45m,6.3,510,Horror
94. Chain Reactions,1h 43m,7.2,135,Horror
95. Whisper of the Witch,1h 35m,3.9,351,Horror
96. Saint Clare,1h 32m,4.6,718,Horror
97. Blackwater Lane,1h 48m,4.6,2.5K,Horror
98. Dan Da Dan: First Encounter,1h 23m,8.2,3.3K,Horror
99. Munjya,2h 3m,6.3,27K,Horror
100. Black,1h 55m,7.1,3K,Horror
101. Outbreak,1h 28m,4.4,1.5K,Horror
102. Grave Torture,1h 57m,6.2,3.2K,Horror
103. The Corpse Washer,1h 47m,6.1,1.4K,Horror
104. The Exorcism,1h 35m,4.2,12K,Horror
105. Sting,1h 31m,5.7,18K,Horror
106. The Twin,1h 43m,6.0,124,Horror
107. Imaginary,1h 44m,4.7,18K,Horror
108. The Soul Eater,1h 48m,5.8,3.2K,Horror
109. Something in the Water,1h 26m,4.1,5.4K,Horror
110. Afraid,1h 24m,5.2,15K,Horror
111. Stream,2h 3m,5.9,9.6K,Horror
112. Humane,1h 33m,5.5,7.9K,Horror
113. Year 10,1h 36m,5.4,2.1K,Horror
114. Spin the Bottle,2h 4m,3.6,1.1K,Horror
115. The Vampire Next Door,1h 50m,4.7,848,Horror
116. Lowlifes,1h 30m,6.2,7.1K,Horror
117. Daddy's Head,1h 32m,5.6,5.8K,Horror
118. Dead Talents Society,1h 51m,7.0,2.9K,Horror
119. Drive Back,1h 34m,4.5,775,Horror
120. We Bury the Dead,1h 34m,6.3,156,Horror
121. Grafted,1h 36m,5.6,2.8K,Horror
122. Shell,1h 40m,6.7,86,Horror
123. The Mouse Trap,1h 20m,2.4,3.8K,Horror
124. Pedro Páramo,2h 10m,6.3,3.2K,Horror
125. V/H/S/Beyond,1h 54m,5.8,10K,Horror
126. Blood Star,1h 37m,6.3,6.3K,Horror
127. The Inheritance,1h 25m,4.7,3.2K,Horror
128. Things Will Be Different,1h 42m,5.2,3K,Horror
129. The Ruse,1h 45m,7.2,564,Horror
130. Custom,1h 16m,6.6,48,Horror
131. Devon,1h 12m,2.6,411,Horror
132. The Killgrin,1h 23m,5.9,104,Horror
133. A Desert,1h 43m,5.6,676,Horror
134. Ghost Train,1h 34m,4.9,112,Horror
135. Milk & Serial,1h 2m,6.6,2.8K,Horror
136. Handsome Guys,1h 41m,6.4,1.3K,Horror
137. Swap,1h 26m,2.7,446,Horror
138. The North Witch,1h 20m,4.2,152,Horror
139. The Front Room,1h 34m,4.6,6.1K,Horror
140. Munkar,1h 27m,5.2,583,Horror
141. Sumala,1h 52m,5.8,1.3K,Horror
142. Death's Sonata,1h 43m,8.4,565,Horror
143. Handling the Undead,1h 37m,5.3,4.7K,Horror
144. Consumed,1h 29m,3.7,736,Horror
145. Hotspring Sharkattack,1h 10m,5.7,132,Horror
146. Believer,1h 48m,4.6,490,Horror
147. #MissingCouple,1h 33m,5.3,842,Horror
148. Winnie-the-Pooh: Blood and Honey 2,1h 33m,4.6,12K,Horror
149. The Hostage,1h 27m,4.5,18,Horror
150. Crescent City,1h 43m,3.9,1.5K,Horror
151. Death Whisperer 2,1h 50m,6.3,1.6K,Horror
152. Compulsion,R,6.2,44,Horror
153. Beezel,1h 21m,4.9,1.7K,Horror
154. Desert Road,1h 30m,6.8,170,Horror
155. 1978,1h 20m,5.0,944,Horror
156. Bloody Axe Wound,1h 23m,5.0,1.1K,Horror
157. Scared Shitless,1h 16m,6.1,228,Horror
158. House of Spoils,1h 41m,5.0,4.1K,Horror
159. Conjuring the Cult,1h 33m,4.2,968,Horror
160. Carved,1h 35m,4.4,2.9K,Horror
161. The Painted,1h 25m,4.9,1.3K,Horror
162. The Witch: Revenge,1h 40m,5.3,911,Horror
163. The Radleys,1h 55m,5.0,3.2K,Horror
164. Here After,1h 33m,4.2,1.9K,Horror
165. Souls of the Damned,57m,3.6,41,Horror
166. Wynonna Earp: Vengeance,1h 36m,5.6,1.8K,Horror
167. The Beldham,1h 25m,7.0,49,Horror
168. Dancing Village: The Curse Begins,2h 2m,5.7,4.3K,Horror
169. Estela,1h 29m,5.9,45,Horror
170. Missing Child Videotape,1h 44m,5.5,283,Horror
171. Cinderella's Revenge,1h 25m,3.8,1.2K,Horror
172. Terminator: Skynet Rising,1h 28m,6.6,308,Horror
173. Test Screening,1h 32m,6.8,73,Horror
174. Dark Match,1h 34m,5.4,1.3K,Horror
175. The Dead Thing,1h 34m,4.7,1.1K,Horror
176. Hold Your Breath,1h 34m,5.3,9.2K,Horror
177. There's a Zombie Outside,1h 15m,3.6,131,Horror
178. Mr. Crocket,1h 28m,5.4,5.1K,Horror
179. Bhool Bhulaiyaa 3,2h 38m,4.6,78K,Horror
180. Exorcism Chronicles: The Beginning,1h 25m,6.4,153,Horror
181. The Last Breath,1h 36m,4.7,2.7K,Horror
182. The American Backyard,1h 47m,6.0,291,Horror
183. Else,1h 42m,5.4,592,Horror
184. A Very Special Terrifier Christmas,1h 10m,5.3,42,Horror
185. Fear Cabin: The Last Weekend of Summer,1h 17m,3.6,37,Horror
186. Ba,1h 19m,5.7,150,Horror
187. Outside,2h 22m,5.1,5K,Horror
188. Cinderella's Curse,1h 22m,3.4,1.4K,Horror
189. Heresy,1h 1m,6.8,339,Horror
190. The Only Ones,1h 17m,6.9,34,Horror
191. The Ceremony Is About to Begin,1h 10m,4.4,854,Horror
192. Dooba Dooba,1h 16m,6.8,17,Horror
193. The Matriarch,1h 22m,8.1,208,Horror
194. Sunrise,1h 33m,3.9,1.3K,Horror
195. Out Come the Wolves,1h 26m,4.7,1.8K,Horror
196. Phallacies,1h 41m,8.7,9,Horror
197. Last Night at Terrace Lanes,1h 15m,4.4,666,Horror
198. The Severed Sun,1h 20m,4.9,454,Horror
199. Waltz,N/A,9.4,8,Horror
200. Haunt Season,1h 21m,4.9,969,Horror
201. Frankie Freako,1h 25m,5.5,1.5K,Horror
202. Its Name Was Mormo,1h 33m,3.7,202,Horror
203. DarkGame,1h 40m,4.6,3K,Horror
204. Thayyal Machine,1h 31m,9.4,1K,Horror
205. Hell Hole,1h 32m,4.5,1.4K,Horror
206. Little Bites,1h 45m,4.7,1.4K,Horror
207. Bleeding,1h 37m,4.2,401,Horror
208. Operation Blood Hunt,1h 33m,3.4,548,Horror
209. Malice,1h 34m,2.8,49,Horror
210. The Train of Death,1h 43m,4.7,753,Horror
211. Seeds,1h 22m,5.0,259,Horror
212. 404 Run Run,1h 44m,5.7,537,Horror
213. Room Service,47m,3.9,339,Horror
214. The Monster Beneath Us,1h 43m,5.0,511,Horror
215. Turno Nocturno,1h 47m,5.2,769,Horror
216. Kabir Azabi: Insi ve Cinni,1h 25m,3.7,29,Horror
217. Rippy,1h 23m,4.1,1K,Horror
218. Strange Frequencies: Taiwan Killer Hospital,1h 31m,7.2,76,Horror
219. #AMFAD: All My Friends Are Dead,1h 31m,4.5,1.3K,Horror
220. Operation Undead,1h 50m,4.7,490,Horror
221. Destroy All Neighbors,1h 25m,5.3,2.1K,Horror
222. Krazy House,1h 29m,4.8,1.6K,Horror
223. Demonte Colony 2,2h 24m,6.5,4.7K,Horror
224. Riders,1h 45m,6.3,554,Horror
225. Skeletons in the Closet,1h 32m,3.0,580,Horror
226. The Devil's Disciples,1h 22m,8.0,51,Horror
227. Do You See What I See,1h 49m,5.4,724,Horror
228. Horror in the High Desert 3: Firewatch,1h 28m,5.4,799,Horror
229. The Banished,1h 37m,5.0,58,Horror
230. The Hunted,1h 34m,5.1,448,Horror
231. Invited,1h 11m,5.2,263,Horror
232. Don't Open the Door,1h 27m,6.6,8.4K,Horror
233. Desert Fiends,1h 46m,4.5,976,Horror
234. The Ghost,1h 32m,6.3,133,Horror
235. The Waves of Madness,1h 8m,5.2,131,Horror
236. Pechi,1h 50m,5.5,1.6K,Horror
237. The Blackwell Ghost 8,1h 9m,6.1,433,Horror
238. The McKinney Family Home Videos,1h 8m,4.9,43,Horror
239. Scared to Death,1h 38m,6.6,34,Horror
240. Halloween: Season of the Boogeyman,N/A,8.0,29,Horror
241. Angels Fallen: Warriors of Peace,1h 43m,4.8,6.5K,Horror
242. You Can't Run Forever,1h 42m,4.5,4.5K,Horror
243. Murder Mubarak,2h 20m,5.8,51K,Horror
244. The Moogai,1h 26m,5.4,504,Horror
245. Karkhanu,N/A,9.1,69,Horror
246. All Hallows' Eve: Inferno,1h 14m,4.3,143,Horror
247. Sana: Let Me Hear,2h 5m,5.6,89,Horror
248. Akkada Varu Ikkada Unnaru,1h 43m,9.1,1K,Horror
249. El instinto,1h 32m,6.6,126,Horror
250. Thine Ears Shall Bleed,1h 42m,6.2,1.2K,Horror
251. The Curse of the Necklace,1h 39m,4.5,1.5K,Horror
252. Asgaar,2h 18m,9.2,43,Horror
253. Succubus,1h 36m,3.5,919,Horror
254. Killer Body Count,1h 49m,4.7,704,Horror
255. Anaconda,1h 24m,4.9,701,Horror
256. Tantra,2h 16m,4.9,2.4K,Horror
257. Latency,1h 34m,4.2,3K,Horror
258. The Haunted Apartment: Miss K,1h 43m,5.6,551,Horror
259. Do Not Enter,1h 25m,5.3,707,Horror
260. Crackcoon,1h 28m,3.6,488,Horror
261. The Demon Disorder,1h 26m,4.8,1.4K,Horror
262. Kalinga,1h 56m,6.6,9.6K,Horror
263. Barda,1h 39m,4.6,767,Horror
264. Seven Cemeteries,1h 24m,4.6,680,Horror
265. We Are Wolves,1h 37m,3.4,286,Horror
266. Gacy: Serial Killer Next Door,1h 37m,3.3,497,Horror
267. Bloodline Killer,1h 45m,4.3,5.4K,Horror
268. Cursed,1h 21m,4.1,152,Horror
269. X Files,1h 14m,2.5,78,Horror
270. Replicator,1h 15m,3.8,189,Horror
271. Vina: Before 7 Days,1h 40m,5.3,675,Horror
272. Kryptic,1h 42m,4.0,685,Horror
273. Black Cab,1h 28m,4.1,1.9K,Horror
274. Devils Stay,1h 35m,4.8,389,Horror
275. Love Me Dead,1h 27m,6.6,45,Horror
276. Peripheral,1h 28m,7.4,62,Horror
277. Baby Invasion,1h 20m,4.6,649,Horror
278. Siccin 7,1h 34m,4.0,1.1K,Horror
279. Sala Escura,1h 35m,4.1,48,Horror
280. Spiders on a Plane,1h 18m,3.8,505,Horror
281. Heretics,1h 23m,2.7,135,Horror
282. The Little Mermaid,1h 29m,3.5,229,Horror
283. Street Trash,1h 25m,4.5,1K,Horror
284. Saint Catherine,1h 26m,3.4,284,Horror
285. Mutants of Nature Cove,1h 28m,3.5,172,Horror
286. Pacific Fear,1h 25m,3.6,343,Horror
287. Daft State,18+,5.9,57,Horror
288. Jhamkudi,2h 31m,6.6,1K,Horror
289. Witch Hunter,1h 20m,4.0,49,Horror
290. The Containment,1h 22m,4.7,87,Horror
291. Paranoia,1h 35m,4.1,417,Horror
292. Behave,1h 28m,2.7,243,Horror
293. Poison Sangga: The Homewrecker's Curse,1h 58m,6.8,414,Horror
294. The Hangman,1h 32m,3.3,1.1K,Horror
295. Bystanders,1h 22m,4.0,445,Horror
296. Monster Mash,1h 25m,3.5,475,Horror
297. Bureau 749,2h 3m,3.8,595,Horror
298. Amityville: Where the Echo Lives,1h 29m,1.5,474,Horror
299. The Lost Daughter,1h 39m,5.6,348,Horror
300. Sakaratul Maut,1h 47m,5.4,197,Horror
301. Hide N Seek,2h 14m,8.8,2.3K,Horror
302. The New Purge,N/A,N/A,N/A,Horror
303. Curse of the Seven Oceans,1h 34m,5.5,556,Horror
304. Festival of the Living Dead,1h 28m,4.3,687,Horror
305. Goldilocks and the Three Bears: Death and Porridge,1h 22m,2.2,2.2K,Horror
306. Invasive,1h 37m,5.6,832,Horror
307. Witch,1h 47m,4.9,1.4K,Horror
308. Darah Nyai,1h 30m,7.0,8,Horror
309. Mummy Shark,1h 6m,2.0,233,Horror
310. Unspeakable: Beyond the Wall of Sleep,1h 30m,3.9,148,Horror
311. Sorop,1h 43m,5.5,275,Horror
312. Parvulos,1h 59m,6.6,436,Horror
313. Kakuda,1h 56m,5.4,6.4K,Horror
314. Kang Mak,2h 2m,6.4,936,Horror
315. Ship of the Damned,1h 28m,2.8,315,Horror
316. Flesh of the Unforgiven,1h 28m,8.0,63,Horror
317. The Backrooms,1h 3m,8.5,18,Horror
318. Aranmanai 4,2h 28m,5.0,2.5K,Horror
319. Cellphone,1h 28m,3.0,764,Horror
320. Bogieville,1h 48m,3.9,682,Horror
321. Alien Country,1h 36m,4.5,441,Horror
322. Freelance,1h 50m,4.8,401,Horror
323. Thaghut,1h 42m,5.8,352,Horror
324. The Bunker,1h 32m,4.2,381,Horror
325. Up the Catalogue,1h 12m,8.2,13,Horror
326. Ghost Game,1h 26m,3.5,402,Horror
327. Five Friends,1h 52m,6.7,1K,Horror
328. Dominion of Darkness,1h 36m,5.6,887,Horror
329. La damnée,1h 20m,4.3,128,Horror
330. Pins & Needles,1h 35m,5.8,76,Horror
331. Indera,1h 44m,5.8,20,Horror
332. The Cellar,1h 25m,5.4,194,Horror
333. A Fisherman's Tale,1h 43m,5.8,181,Horror
334. Buzz House: The Movie,1h 33m,3.2,1.4K,Horror
335. Salve Maria,1h 51m,6.4,552,Horror
336. They Call Her Death,1h 32m,5.4,232,Horror
337. 12 to Midnight,1h 36m,3.7,309,Horror
338. Hellhounds,1h 21m,3.3,190,Horror
339. ZombieCON Vol. 1,1h 50m,7.8,40,Horror
340. Campton Manor,1h 23m,3.4,267,Horror
341. Temurun,1h 26m,4.6,368,Horror
342. Bad Fish,1h 24m,3.4,359,Horror
343. What Lurks Beneath,1h 42m,4.2,820,Horror
344. Model House,1h 25m,4.0,1.1K,Horror
345. Espantaho,1h 30m,4.8,280,Horror
346. Another Cabin in the Woods Movie,1h 17m,4.7,247,Horror
347. Possessions,1h 29m,3.8,900,Horror
348. The Legend of Lake Hollow,1h 28m,3.7,570,Horror
349. Butchers Book Two: Raghorn,1h 28m,4.1,691,Horror
350. Suckers,1h 7m,2.3,134,Horror
351. Vincent,1h 32m,6.0,421,Horror
352. Revival,N/A,5.3,38,Horror
353. Sam and Colby: The Legends of the Paranormal,1h 38m,4.8,321,Horror
354. 9 Windows,1h 22m,3.6,334,Horror
355. Wanita Ahli Neraka,1h 35m,5.0,331,Horror
356. Cadi,2h 14m,6.3,4.4K,Horror
357. The Forbidden Camp: Mass Possession,1h 52m,6.1,401,Horror
358. Wake,1h 25m,3.4,293,Horror
359. Séance Games: Metaxu,1h 26m,3.2,261,Horror
360. Life of Belle,1h 13m,5.0,741,Horror
361. Phantoms,N/A,3.9,15,Horror
362. Stupid Games,1h 26m,4.2,454,Horror
363. Invader,1h 10m,4.6,178,Horror
364. The Bad Nun 3,1h 12m,3.2,281,Horror
365. Nokturno,1h 39m,3.7,234,Horror
366. Granny,40m,7.3,9,Horror
367. Nudus,1h 34m,6.4,54,Horror
368. La Patasola,1h 21m,2.7,121,Horror
369. Kuyang,1h 37m,5.2,519,Horror
370. Mother Father Sister Brother Frank,1h 25m,5.7,326,Horror
371. Sattam En Kaiyil,2h 4m,7.9,2.3K,Horror
372. (Pri)sons,1h 40m,4.9,317,Horror
373. Bull Shark 3,1h 16m,2.7,144,Horror
374. Happy Birthday Luci,1h 39m,9.4,61,Horror
375. The Woods,1h 16m,3.7,94,Horror
376. Are You There?,1h 28m,6.2,83,Horror
377. Camp Pleasant Lake,1h 30m,3.3,2.4K,Horror
378. Tsunami Sharks,1h 10m,2.2,115,Horror
379. The Best of Me,1h 29m,N/A,N/A,Horror
380. The Ritual,1h 40m,3.5,34,Horror
381. Bull Shark 2,1h 15m,2.6,252,Horror
382. For Sale,1h 55m,4.9,688,Horror
383. Kromoleo,1h 20m,3.9,279,Horror
384. Grotesque 2,N/A,6.1,644,Horror
385. The Omicron Killer,1h 38m,2.8,603,Horror
386. Hello Neighbor,N/A,7.9,17,Horror
387. Cocaine Werewolf,1h 20m,2.4,317,Horror
388. My Boo,2h 5m,6.1,754,Horror
389. Blood Debt,1h 40m,5.4,237,Horror
390. Iconic,1h 30m,4.9,471,Horror
391. Monster on a Plane,1h 28m,4.9,2.7K,Horror
392. Bhootpori,1h 50m,5.7,220,Horror
393. I'll Play Mother,1h 48m,4.7,119,Horror
394. Grandma,N/A,6.2,6,Horror
395. The Jack in the Box Rises,1h 32m,4.1,860,Horror
396. I Heart Willie,1h 28m,3.8,125,Horror
397. Slay,1h 39m,6.5,1.3K,Horror
398. Cora,1h 44m,4.5,964,Horror
399. From Darkness,1h 35m,4.9,608,Horror
400. Guna guna istri muda,1h 38m,5.2,213,Horror
401. Spring Garden,1h 30m,4.5,223,Horror
402. Solvent,1h 34m,7.2,461,Horror
403. Guardian,2h,4.0,681,Horror
404. Family,1h 35m,6.8,33,Horror
405. Nearing Death,1h 36m,5.7,392,Horror
406. Aiden,1h 14m,2.1,140,Horror
407. Wineville,1h 40m,4.3,309,Horror
408. Night Shoot,1h 38m,5.5,106,Horror
409. Pinnil Oral,2h 7m,7.7,583,Horror
410. Vertical,1h 51m,5.2,154,Horror
411. Dr. Sander's Sleep Cure,1h 42m,6.5,1.3K,Horror
412. Mountain Shark,1h 21m,3.5,180,Horror
413. Pater Noster and the Mission of Light,1h 36m,7.1,153,Horror
414. Killer Influence,1h 24m,2.6,334,Horror
415. The Windigo,1h 25m,4.6,730,Horror
416. In Search of Darkness 1990-1994: A Journey Into Iconic '90s Horror,6h 3m,8.0,180,Horror
417. History of Evil,1h 38m,3.4,836,Horror
418. What Happened to Suzy,1h 34m,6.3,96,Horror
419. Haunted Universities 3,1h 59m,5.4,330,Horror
420. Birthright,1h 20m,5.3,267,Horror
421. Possession: Kerasukan,1h 34m,3.5,314,Horror
422. Darling,2h 39m,5.2,762,Horror
423. Geethanjali Malli Vachindi,2h 24m,4.8,2.2K,Horror
424. Lumina,1h 53m,2.2,726,Horror
425. Love Me If You Dare,2h 8m,4.4,488,Horror
426. You Shall Not Sleep Tonight,1h 17m,4.0,408,Horror
427. Protein,1h 40m,6.8,89,Horror
428. Down Below,1h 33m,2.5,223,Horror
429. Witches' Well,1h,2.5,88,Horror
430. American Werewolf,1h 7m,1.6,126,Horror
431. Do Not Open,1h 31m,2.6,293,Horror
432. Amp House Massacre,1h 20m,3.8,205,Horror
433. Winter Island,1h 42m,4.6,194,Horror
434. Haze,1h 16m,6.4,55,Horror
435. The Vigil,1h 37m,7.4,6,Horror
436. Drained,1h 47m,4.5,339,Horror
437. Hauntology,1h 43m,3.7,385,Horror
438. House on Haunted Hill,N/A,2.8,50,Horror
439. Oak,N/A,4.0,22,Horror
440. Soul Reaper,1h 52m,5.7,341,Horror
441. Dagr,1h 17m,4.2,2.8K,Horror
442. Territory,1h 33m,4.7,97,Horror
443. Don't Make a Sound,1h 20m,3.5,50,Horror
444. Texas Cult House,N/A,7.8,26,Horror
445. Psychopomp,1h 36m,9.0,6,Horror
446. The Stalking,1h 12m,3.8,56,Horror
447. Jugaremos en el bosque,1h 30m,4.9,108,Horror
448. The Redemption of Sin,1h 56m,5.7,254,Horror
449. Pusaka,1h 30m,5.2,211,Horror
450. Death Streamer,1h 12m,3.0,244,Horror
451. Shark Girl,1h 22m,2.6,195,Horror
452. Betting with Ghost,1h 52m,6.5,102,Horror
453. THEDÆMON,1h 27m,6.7,46,Horror
454. My Redneck Neighbor: Chapter 2 - Let the Games Begin,55m,5.7,11,Horror
455. The Family Business,1h 29m,8.8,31,Horror
456. Perewangan,1h 49m,5.4,190,Horror
457. A Mother's Embrace,1h 30m,5.8,657,Horror
458. Steamboat Willie: Blood on the Water,N/A,N/A,N/A,Horror
459. Burning Butterflies,1h 43m,7.6,101,Horror
460. Cara,1h 36m,5.8,89,Horror
461. Virgo,1h 27m,4.8,114,Horror
462. Horny Teenagers Must Die!,1h 24m,3.2,254,Horror
463. Name the Demon,1h 17m,3.5,183,Horror
464. Marni: The Story of Wewe Gombel,1h 59m,6.7,1K,Horror
465. Hide and Seek,1h 24m,4.9,166,Horror
466. Perempuan Pembawa Sial,1h 37m,N/A,N/A,Horror
467. The Occult,N/A,6.3,13,Horror
468. The Killers,1h 59m,6.1,80,Horror
"469. Nanay, tatay",2h,7.0,75,Horror
470. The Captives,1h 13m,3.6,76,Horror
471. Butchers Book Three: Bonesaw,1h 47m,4.9,146,Horror
472. The Beast Inside,N/A,5.6,49,Horror
473. They Turned Us Into Killers,1h 26m,2.7,273,Horror
474. Massacre at Femur Creek,1h 22m,6.5,654,Horror
475. Run!,1h 26m,3.4,107,Horror
476. Go Away,N/A,4.2,231,Horror
477. H. P. Lovecraft's the Old Ones,1h 24m,3.6,423,Horror
478. Tenants,1h 34m,4.3,140,Horror
479. Jurassic Triangle,1h 24m,2.5,296,Horror
480. Torture the Flesh,N/A,6.1,33,Horror
481. Dracula: The Count's Kin,N/A,5.2,51,Horror
482. Trinil,1h 45m,4.5,388,Horror
483. Clown II,2h 21m,7.6,16,Horror
484. Curse of the Sin Eater,1h 30m,4.9,833,Horror
485. Alyad Palyad,2h 9m,6.9,1.2K,Horror
486. Remnant,1h 52m,2.6,339,Horror
487. Where is My Head?,1h 30m,6.8,84,Horror
488. The Cursed,1h 37m,4.0,121,Horror
489. Üç Harfliler: Nazar,1h 34m,4.8,199,Horror
490. Coffintooth,N/A,7.5,14,Horror
491. Father's Haunted House,1h 33m,5.9,372,Horror
492. Clickbait: Unfollowed,1h 30m,4.9,623,Horror
493. Una ballena,1h 48m,5.5,218,Horror
494. The Cursed Land,2h 8m,5.5,315,Horror
495. Staycation,1h 34m,7.3,122,Horror
496. Terrestrial,1h 16m,N/A,N/A,Horror
497. Chainsaws Were Singing,1h 57m,7.2,394,Horror
498. Black Spines,1h 40m,6.9,25,Horror
499. Dosen Ghaib: It's Nighttime or You Already Know,1h 34m,4.1,326,Horror
500. The House on the Lake,1h 10m,N/A,N/A,Horror
501. Crust,1h 42m,5.9,256,Horror
502. The Prodigy,1h 23m,4.6,39,Horror
503. Retreat,1h 33m,7.0,26,Horror
504. In Our Blood,1h 29m,6.8,52,Horror
505. Shark Island,1h 21m,3.0,146,Horror
506. The Shadow,1h 30m,6.4,289,Horror
507. Silent Bite,1h 30m,3.7,536,Horror
508. Blood Mountain Massacre,1h 29m,4.8,48,Horror
509. Pasar Setan,1h 36m,6.7,64,Horror
510. Till Death Do Us Part,1h 48m,6.3,286,Horror
511. A Halloween Feast,1h 43m,4.7,845,Horror
512. The Bitter Taste,2h 5m,7.1,43,Horror
513. Rita,1h 47m,5.7,309,Horror
514. Lost Angels,1h 36m,5.9,216,Horror
515. Director's Cut,1h 30m,7.4,104,Horror
516. Hüddam 4: Ahmer,1h 26m,4.7,42,Horror
517. A Hell of a Difference,1h 20m,4.6,56,Horror
518. Dinner with Leatherface,1h 46m,7.3,44,Horror
519. Effigy,1h 18m,2.8,268,Horror
520. What Lives Here,N/A,9.0,11,Horror
521. Deadly Culture: Final Mutation,1h 9m,2.7,59,Horror
522. Wild Animal,19m,8.4,14,Horror
523. Dead Teenagers,1h 20m,3.2,160,Horror
524. Ladybug,1h 47m,5.5,34,Horror
525. I Left My Heart in Colombia,N/A,7.3,459,Horror
526. H.P. Lovecraft's the Shadow Over Innsmouth,N/A,7.0,16,Horror
527. Bag of Lies,1h 36m,3.8,604,Horror
528. Night Silence,1h 52m,5.5,303,Horror
529. SinÉl,1h 12m,5.1,31,Horror
530. True Fear,1h 32m,4.6,330,Horror
531. Our Happy Place,1h 30m,9.3,37,Horror
532. Feet of Death,1h 46m,3.9,247,Horror
533. The Epidemic,1h 35m,5.9,72,Horror
534. Salem Witch Doll,1h 16m,2.3,152,Horror
535. Pasahero,2h,6.1,27,Horror
"536. Spider Baby, or The Maddest Story Ever Told",1h 12m,5.0,108,Horror
537. Holnap meghalok,1h 25m,4.2,144,Horror
538. The Deadly Swarm,1h 21m,2.5,208,Horror
539. A Stranger in the Woods,1h 23m,4.8,713,Horror
540. The Sin,1h 43m,5.3,366,Horror
541. Kuang Bao Ju Xi,1h 15m,5.6,99,Horror
"542. Hemet, or the Landlady Don't Drink Tea",1h 29m,4.3,103,Horror
543. Delicate Arch,1h 25m,5.0,75,Horror
544. Camp Blood 9: Bride of Blood,N/A,6.3,551,Horror
545. Z-Mom,1h 30m,4.8,48,Horror
546. Broken Bird,1h 39m,5.7,131,Horror
547. You Shouldn't Have Let Me In,1h 24m,4.1,188,Horror
548. Good Neighbours,1h 24m,3.0,196,Horror
549. The Girl Who Wore Yellow Lace,1h 22m,5.2,39,Horror
550. Anatema,1h 31m,4.2,227,Horror
551. Last Stop: Rocafort St.,1h 29m,4.1,529,Horror
552. Unnatural,1h 43m,3.7,148,Horror
553. Meathook,1h 42m,5.9,21,Horror
554. Las Tias,1h 27m,4.8,273,Horror
555. Solitude,1h 37m,6.0,53,Horror
556. 30 to 45,1h 58m,3.5,21,Horror
557. Oculus,1h 53m,6.0,15,Horror
558. Spithood,58m,5.4,1.2K,Horror
559. Hunters on a White Field,1h 40m,4.9,472,Horror
560. A Wedding Story,1h 50m,6.3,3.4K,Horror
561. Killington,1h 27m,2.8,192,Horror
562. Bloody Bridget,1h 21m,7.0,54,Horror
563. Who's Watching,N/A,8.0,14,Horror
564. Air Fryer Slaughter,1h 30m,6.1,592,Horror
565. Twelve,N/A,6.7,19,Horror
566. What Happened to Dorothy Bell?,N/A,7.3,13,Horror
567. Fangs Out: Blood Apocalypse,N/A,4.4,29,Horror
568. The Boys,2h 11m,4.6,144,Horror
569. Guess Who,1h 33m,4.8,379,Horror
570. The Gesuidouz,1h 33m,6.7,100,Horror
571. Tu Sangre,1h 21m,3.9,112,Horror
572. House of Ashes,1h 35m,6.5,46,Horror
573. Camp Blood: Clown Shark,1h 10m,3.5,103,Horror
574. Deadbolt,1h 23m,4.6,338,Horror
575. Christmas Slasher,N/A,4.8,10,Horror
576. Nyctophobia,1h 30m,6.7,1.8K,Horror
577. Within the Pines,1h 13m,6.4,21,Horror
578. Z Zone,1h 23m,3.7,65,Horror
579. The Buildout,1h 10m,4.0,109,Horror
580. Space Sharks,1h 10m,1.6,347,Horror
581. The Carters,1h 15m,5.2,29,Horror
582. The Girl in the Trunk,1h 30m,3.4,355,Horror
583. Ice Nine Kills Presents: Welcome to Horrorwood,1h 16m,8.3,36,Horror
584. Catch a Killer,1h 22m,6.0,17,Horror
585. Dead Whisper,1h 28m,3.8,571,Horror
586. Huntress,1h 17m,3.0,89,Horror
587. Jurnal Risa by Risa Saraswati,1h 32m,4.4,328,Horror
588. Dead Name,1h 24m,8.4,13,Horror
589. Vampire Zombies... From Space!,1h 38m,6.8,122,Horror
590. Pale Horse,1h 27m,3.7,82,Horror
591. Ronggeng Kematian,1h 38m,5.3,165,Horror
592. Slashercise,58m,4.9,17,Horror
593. Mandira,2h 1m,5.8,1K,Horror
594. The Notorious Finster,1h 53m,3.9,186,Horror
"595. Silent Night, Bloody Night 3: Descent",1h 40m,3.2,213,Horror
596. Gone with the Dead,1h 36m,4.0,63,Horror
597. Morena,1h 46m,5.3,132,Horror
598. Guys at Parties Like It,1h 19m,3.9,179,Horror
599. Angel with a Gun,N/A,N/A,N/A,Horror
600. Hu Die Da Shia,1h 42m,4.3,68,Horror
601. The Book of the Witch,1h 13m,4.3,164,Horror
602. Watch If You Dare To,1h 5m,3.6,12,Horror
603. Final Girl: Halloween,1h 25m,4.6,114,Horror
604. Ghost Island,1h 35m,6.9,60,Horror
605. Kifn,1h 40m,7.2,735,Horror
606. The Seductress from Hell,1h 42m,6.1,23,Horror
607. Devil's Horns,1h 21m,4.6,129,Horror
608. Shark Exorcist 2: Unholy Waters,1h 14m,1.8,160,Horror
609. Shadows of Bigfoot,1h 13m,4.0,146,Horror
610. Séance,1h 25m,8.1,28,Horror
611. Agapouse ta louloudia perissotero,1h 26m,5.3,193,Horror
612. The Box,1h 19m,3.3,85,Horror
613. Shaman,1h 40m,5.2,75,Horror
614. The Woods Are Real,1h 20m,2.4,476,Horror
615. Malediction,N/A,N/A,N/A,Horror
616. Lopaliki Ra Chepta,1h 52m,7.7,1.5K,Horror
617. The Last Nightmare Part One,50m,6.0,82,Horror
618. Spirit Riser,1h 38m,6.1,42,Horror
619. Members Club,1h 30m,4.6,187,Horror
620. Bloody Ishq,2h 18m,3.0,2.2K,Horror
621. He Sees You When You're Sleeping,1h 23m,4.2,157,Horror
622. Watch Us Kill,N/A,5.6,66,Horror
623. Bury Your Dead,2h 8m,5.4,84,Horror
624. Forgive Me Father,1h 17m,3.5,125,Horror
625. Pagpag 24/7,2h 10m,4.3,65,Horror
626. Snakeeater,1h 20m,5.3,286,Horror
627. The Sisters,2h 2m,4.7,168,Horror
628. Hellvira's Haunted Asylum of Horror,1h 58m,5.8,38,Horror
629. Jeonde Raho Bhoot Ji,1h 52m,5.2,145,Horror
630. Valari,2h 15m,7.9,2.6K,Horror
631. Devil,1h 58m,4.5,1.6K,Horror
632. In the Name of God,1h 29m,5.1,165,Horror
633. Crispy,1h 16m,3.3,101,Horror
634. Easter Bloody Easter,1h 43m,3.3,325,Horror
635. Vampire Lake,N/A,5.4,164,Horror
636. Ouija Castle,N/A,3.1,132,Horror
637. Snow Angel of Revenge,1h 36m,3.8,69,Horror
638. The Spirit Hunter,1h 42m,4.1,35,Horror
639. The Candy Store,1h 26m,4.0,93,Horror
640. Dante's Inferno,N/A,N/A,N/A,Horror
641. Kanakamahalakshmi,1h 50m,N/A,N/A,Horror
642. Chateau,1h 23m,4.0,306,Horror
643. Deadly Culture: Species X,1h 11m,2.9,62,Horror
644. A Game in the Woods,1h 20m,7.0,32,Horror
645. Tanz der Toten,2h 1m,N/A,N/A,Horror
646. Followers,1h 14m,3.6,261,Horror
647. Pigman,1h 38m,2.5,121,Horror
648. Alpacalypse,1h 17m,5.8,36,Horror
649. Silence of the Prey,1h 37m,3.8,303,Horror
650. Park,1h 57m,6.9,381,Horror
651. Bhairadevi,2h 14m,8.6,57,Horror
652. Sun,1h 15m,8.3,38,Horror
653. Resident Evil Story,N/A,3.0,16,Horror
654. Visher,1h 5m,4.3,398,Horror
655. Retratos del Apocalipsis,1h 15m,7.9,24,Horror
656. Ga la,1h 37m,4.2,29,Horror
657. Antropophagus Legacy,1h 40m,N/A,N/A,Horror
658. Cold Blows the Wind,1h 25m,5.7,807,Horror
659. The Naughty List of Mr. Scrooge,1h 30m,4.5,216,Horror
660. The Camp Host,1h 35m,4.3,304,Horror
661. The Twelve Step Strangler,N/A,4.6,8,Horror
662. Apokrif,1h 4m,8.7,23,Horror
663. Migraine,1h 5m,8.2,25,Horror
664. This Never Happened,1h 30m,4.7,392,Horror
665. Ketchup on Waffles,1h 21m,N/A,N/A,Horror
666. Continente,1h 55m,5.1,100,Horror
667. The Last Chainsaw Massacre,1h 15m,3.7,43,Horror
668. Creep Encounters,1h 12m,4.0,139,Horror
669. Sengkolo: Malam satu suro,1h 40m,5.8,64,Horror
670. Mananambal,1h 40m,6.1,38,Horror
671. Salsa,1h 40m,5.7,302,Horror
672. The Despaired,2h 10m,6.5,37,Horror
673. Ma Da: The Drowning Spirit,1h 30m,4.4,221,Horror
674. Nanoshark,N/A,4.7,29,Horror
675. Night Talkers,1h 29m,4.0,107,Horror
676. The Girl Who Cried Her Eyes Out,1h 34m,3.5,779,Horror
677. Watch Them Come Blood,1h 22m,7.7,8,Horror
678. Obayifo Project,1h 11m,5.1,373,Horror
679. Inherit the Witch,1h 25m,3.2,58,Horror
680. This Man,1h 29m,5.1,24,Horror
681. Quadrant,1h 13m,4.3,157,Horror
682. Manipula,1h 34m,8.5,35,Horror
683. Cadet,2h 6m,6.9,61,Horror
684. Isleen Pines,1h 24m,5.3,740,Horror
685. The Hereditary,N/A,N/A,N/A,Horror
686. Jinn Chapter 1,46m,7.7,68,Horror
687. Water Horse,1h 25m,5.1,264,Horror
688. The Convent,1h 20m,3.9,25,Horror
689. Asher and Ruth,1h 3m,N/A,N/A,Horror
690. Kutukan Calon Arang,1h 41m,5.5,18,Horror
691. Book of the Dead,1h 30m,5.3,81,Horror
692. Shadows Side,1h 30m,2.0,145,Horror
693. Project Dorothy,1h 20m,3.9,3.2K,Horror
694. Tenement,1h 28m,4.6,134,Horror
695. Hishkenstien: After Dark,1h 2m,N/A,N/A,Horror
696. Tragic,1h 36m,9.0,21,Horror
697. The Night Curse of Reatrei,1h 35m,4.4,121,Horror
698. Dr. Jason II: Lights & Shadows,1h 2m,4.9,382,Horror
699. Bigfoot,N/A,5.5,27,Horror
700. Graveyard Shark,1h 37m,3.4,245,Horror
701. Amityville Backrooms,1h 12m,3.7,40,Horror
702. The Haunting of Cottonwood,N/A,7.0,18,Horror
703. All That Remains,1h 10m,5.9,27,Horror
704. Carnage for Christmas,1h 9m,4.5,355,Horror
705. The Yorkie Werewolf,N/A,5.6,98,Horror
706. Jonestown: The Final Reckoning,59m,4.3,7,Horror
707. Bloody Mary,1h 12m,3.7,8,Horror
708. Bigfoot Exorcist,1h 10m,2.6,232,Horror
709. Portraits,1h 22m,4.7,49,Horror
710. The Last Ritual,1h 40m,7.7,10,Horror
711. The Clock,1h 20m,3.5,46,Horror
712. II,21m,8.6,30,Horror
713. Killer Campout Part II,1h 33m,5.4,31,Horror
714. Neon Fear,40m,5.7,630,Horror
715. Swoon,1h 23m,6.3,30,Horror
716. In Tenebras: Into the Darkness,1h 30m,2.6,183,Horror
717. Scopophobia,1h 40m,5.3,92,Horror
718. The John Perkins Tapes,1h 17m,4.5,16,Horror
719. OMG: O Manchi Ghost,2h 5m,5.1,593,Horror
720. Mystic Singer,1h 36m,4.9,254,Horror
721. Bring on the Damned!,1h 54m,4.9,59,Horror
722. Obsession in Flesh,N/A,N/A,N/A,Horror
723. Amityville Turkey Day,1h 34m,3.1,367,Horror
724. Salt Along the Tongue,1h 53m,7.8,12,Horror
725. The Vampire and the Vigilante,1h 15m,3.5,56,Horror
726. Tide,1h 22m,3.5,138,Horror
727. Byte,1h 37m,3.3,166,Horror
728. Bangsal Isolasi,1h 16m,4.8,183,Horror
729. Burning,1h 41m,7.9,15,Horror
730. The Girl 2,1h 39m,N/A,N/A,Horror
731. 200KG Vampire,1h 33m,4.0,62,Horror
732. Demo_n,1h 15m,4.9,52,Horror
733. McCurdy Point,N/A,N/A,N/A,Horror
734. Alem-i Cin 5: Azap,1h 16m,4.1,15,Horror
735. Mister Sleep,1h 34m,3.5,183,Horror
736. The Alien Report,1h 21m,4.6,157,Horror
737. Lampir,1h 37m,5.5,267,Horror
738. Inverted,1h 28m,4.0,59,Horror
"739. The Haunted, the Possessed and the Damned",1h 51m,2.6,65,Horror
740. Etheria Film Night 2024,1h 52m,7.2,12,Horror
741. 105 Minutes,2h,3.4,2.3K,Horror
742. Peter Rabid,N/A,6.2,10,Horror
743. Biaz: Kara Iyenin Laneti,1h 29m,5.0,409,Horror
744. Erotik 2: The Beyond,1h 21m,N/A,N/A,Horror
745. A Savior Red,1h 27m,5.0,272,Horror
746. BlackOut,N/A,6.9,23,Horror
747. Bloody Trip: The Equinox Killer,1h 20m,4.8,85,Horror
748. Trolled,1h 20m,4.2,28,Horror
749. Killjoy: Terrify,N/A,3.0,34,Horror
750. Listen Carefully,1h 21m,3.3,150,Horror
751. Touched by Eternity,1h 35m,5.3,106,Horror
752. The Night of the Harvest,2h 6m,4.5,503,Horror
753. People in the Walls,1h 33m,3.4,59,Horror
754. Terror Zone,1h 28m,3.3,11,Horror
755. Halloween: The Hunt of Michael Myers,1h 21m,8.5,14,Horror
756. The Summer We Died,1h 13m,5.0,440,Horror
757. The Bench,1h 15m,3.8,189,Horror
758. Elf in the Hood,1h 16m,4.7,22,Horror
759. The Vord,1h 41m,3.4,76,Horror
760. Scarytales and Deadtime Stories,1h 7m,5.1,20,Horror
761. Death Ph.D,1h 47m,2.0,146,Horror
762. The Caller,1h 20m,6.8,14,Horror
763. Janji Darah,1h 44m,4.4,177,Horror
764. Don't Look Back... I Know Your Origins,1h 44m,3.7,116,Horror
765. Pandora,N/A,3.8,24,Horror
766. Mother Goose's ScaryTales,54m,5.8,20,Horror
767. Trucker,N/A,N/A,N/A,Horror
768. Anxiety,1h 37m,7.8,8,Horror
769. Love Bites,N/A,N/A,N/A,Horror
770. Hunter of the Night,1h 30m,5.4,63,Horror
771. Pee Nak 4,1h 55m,4.8,420,Horror
772. Purgatory Station,1h 49m,3.4,63,Horror
773. Claws,1h 36m,5.8,8,Horror
774. Amityville Bigfoot,1h 28m,3.0,158,Horror
775. The Last Podcast,1h 38m,6.8,9,Horror
776. Spirit Whisker: The Revenant,1h 49m,5.3,65,Horror
777. Cholo Zombies,1h 36m,4.6,109,Horror
778. Mannequin,N/A,6.5,119,Horror
779. Sea of Madness,1h 33m,6.9,32,Horror
780. Mona: Jinn-2,2h 4m,4.1,132,Horror
781. Weekend Deadaway,N/A,4.9,89,Horror
782. The Unsolved Love Hotel Murder Case Incident,1h 10m,7.3,8,Horror
783. Ame no naka no yokujô,2h 12m,5.8,92,Horror
784. Vegan,N/A,4.8,17,Horror
785. Trope,1h 26m,4.2,41,Horror
786. Big Bad CGI Monsters,1h,4.8,44,Horror
787. Oh My Ghost: The Finale,1h 52m,6.8,39,Horror
788. Trizombie,1h 22m,7.3,63,Horror
789. Requiem: Three Tales of Horror,55m,3.6,39,Horror
790. The Coldness,N/A,5.2,88,Horror
791. The After Dark,N/A,5.5,6,Horror
792. Old Wounds,1h 49m,7.4,17,Horror
793. Roxana,1h 38m,4.0,71,Horror
794. The Deserving,N/A,7.1,84,Horror
795. Lord of Wolves,1h 27m,2.8,145,Horror
796. Interlopers,1h 46m,5.0,85,Horror
797. Dead Rock,1h 11m,3.6,8,Horror
798. Game of Death: The Six Doors to Hell,2h 25m,6.7,8,Horror
799. Wind and Bone,1h 33m,5.8,19,Horror
800. Xoftex,1h 39m,6.0,67,Horror
801. McConadilla,1h 50m,N/A,N/A,Horror
802. Paku Tanah Jawa,1h 40m,4.2,126,Horror
803. Beach Chain,N/A,N/A,N/A,Horror
804. Teddiscare,1h 22m,2.0,177,Horror
805. Thookudurai,2h 5m,4.3,2.3K,Horror
806. Side Effects May Vary,1h 21m,7.2,43,Horror
807. A Time to Die,1h 45m,N/A,N/A,Horror
808. Video Vision,1h 18m,5.8,21,Horror
809. The Trail,1h 20m,7.8,38,Horror
810. Halloween: Evil Lives,N/A,3.6,121,Horror
811. Cold Blooded,1h 18m,4.2,18,Horror
812. DreadClub: Vampire's Verdict,1h 28m,5.0,80,Horror
813. American Terror Tales 3,58m,2.4,61,Horror
814. Granny Krampus,1h 21m,2.6,128,Horror
815. Stereoscope,1h 31m,4.0,132,Horror
816. Mother Maker Lover Taker,1h 39m,5.9,46,Horror
817. Cult of Blood,N/A,3.6,77,Horror
818. K. The Butcher Shitter,1h 10m,3.5,25,Horror
819. Daylight to Dark,N/A,4.3,12,Horror
820. The Hunter's Anthology: The Demon Hunter,2h 6m,4.7,105,Horror
821. Monster Awakens,1h 14m,5.6,846,Horror
822. All We Wanted,1h 43m,3.5,73,Horror
823. Horror Stories,N/A,5.1,57,Horror
824. Framed,Not Rated,2.6,122,Horror
825. Man in the Fields,N/A,5.9,71,Horror
826. Vexanthrone,1h 5m,5.3,25,Horror
827. Mulm,1h 38m,5.8,74,Horror
828. Jimmy,1h 25m,4.1,218,Horror
829. Blood and Breakfast,1h 24m,5.8,32,Horror
830. Earworm,1h 41m,2.4,221,Horror
831. Dreams of flesh,1h,5.7,14,Horror
832. A Cold Grave,1h 15m,3.5,280,Horror
833. Pesadilla,1h 52m,6.5,50,Horror
834. The Monsters Under Our Bed,2h 7m,5.8,12,Horror
835. Take Good Care,1h 41m,6.1,8,Horror
836. Apex Predators 2: The Spawning,1h 10m,3.2,34,Horror
837. Hotel Underground,N/A,7.5,79,Horror
838. Son of Gacy,N/A,N/A,N/A,Horror
839. Art of a Hit,1h 33m,4.2,224,Horror
840. Welcome Week: A College Horror Anthology,1h 38m,4.0,129,Horror
841. Nyctophobia,1h 17m,2.6,175,Horror
842. Overkill,N/A,2.7,34,Horror
843. Alone,1h 28m,7.3,16,Horror
844. The Depths,1h 28m,N/A,N/A,Horror
845. Bad Things,N/A,5.4,18,Horror
846. A yard of jackals,1h 48m,7.4,46,Horror
847. The World Drops Dead,1h 11m,8.4,7,Horror
848. The Mitchin Murders,1h 18m,5.2,88,Horror
849. Jinxx Presents: The Devil's Vortex,N/A,7.3,56,Horror
850. From Within,N/A,N/A,N/A,Horror
851. Never Have I Ever,N/A,N/A,N/A,Horror
852. Bored Games,1h 16m,3.5,122,Horror
853. Slave Dolls 2: Red Rooms,17m,2.1,8,Horror
854. Jurassic Exorcist,1h 16m,4.3,24,Horror
855. Coven of the Black Cube,1h 37m,7.2,28,Horror
856. The Nexus,N/A,6.4,26,Horror
857. Blood and Black,1h 28m,6.9,1.1K,Horror
858. The Town Without Halloween,1h 28m,5.5,87,Horror
859. Big Cats,1h 33m,2.9,157,Horror
860. Abduction: The Harvesting,N/A,5.5,15,Horror
861. Death,1h 17m,6.1,17,Horror
862. Jason in Indianapolis: A Friday the 13th Tribute,2h,6.5,25,Horror
863. .ask,1h 29m,6.9,98,Horror
864. Into Nightmares,1h 25m,N/A,N/A,Horror
865. A Gong,1h 47m,6.0,13,Horror
866. P2,1h 45m,4.5,10,Horror
867. Psycho Science,N/A,5.7,29,Horror
868. Cursed in Baja,1h 20m,6.7,35,Horror
869. Blood Dried Hands,1h 55m,6.3,171,Horror
870. Busted Babies,1h 27m,7.7,14,Horror
871. I Joined a Cult,N/A,4.4,107,Horror
872. Historias de Halloween,1h 20m,6.6,26,Horror
873. Undying,26m,6.5,15,Horror
874. Bring Me a Skin for Dancing In,N/A,4.1,202,Horror
875. Porcelain,1h 28m,3.8,118,Horror
876. Echoes of Crystal Lake: A Friday the 13th Story,3m,8.4,16,Horror
877. Amityville VR,N/A,3.4,33,Horror
878. Wieland,N/A,5.7,19,Horror
879. Maya,1h 48m,N/A,N/A,Horror
880. Himalaya,1h 25m,3.2,406,Horror
881. The Geechee Witch: A Boo Hag Story,1h 28m,7.2,15,Horror
882. Dinosaur Hotel 3,1h 14m,2.7,165,Horror
883. Slaughterhouse on the Hill,1h 12m,2.6,135,Horror
884. Murderfest,1h 22m,2.9,235,Horror
885. Mr. Sandman,47m,6.3,32,Horror
886. Treasures of Terror: Vol 1,N/A,4.2,21,Horror
887. Heirredrum,N/A,N/A,N/A,Horror
888. Left One Alive,1h 29m,3.7,31,Horror
889. Do You See Me?,1h 28m,3.9,8,Horror
890. Deviant,1h 20m,5.2,49,Horror
891. The Final Party,1h 18m,3.5,10,Horror
892. The Exorcism of Saint Patrick,1h 30m,3.6,178,Horror
893. Night Harvest,N/A,4.6,70,Horror
894. Death Bitch,1h 28m,7.4,23,Horror
895. Happy Halloween,1h 36m,6.2,23,Horror
896. Killer Rental,1h 26m,N/A,N/A,Horror
897. The Seven Darks,1h 3m,4.2,125,Horror
898. Liu mang qu mo shi,1h 44m,5.8,63,Horror
899. The Haunted Studio,1h 30m,3.6,202,Horror
900. The Mermaid,1h 45m,7.8,36,Horror
901. Cin Köyü,1h 15m,1.0,15,Horror
902. Island of the Dolls 2,1h 23m,3.0,168,Horror
903. Camp Terror,1h 50m,4.5,42,Horror
904. Bungalow Section 12,1h 28m,2.4,64,Horror
905. Appetite for Sin,N/A,5.1,72,Horror
906. Tóxico,1h 28m,6.7,18,Horror
907. Akh,2h 17m,5.3,117,Horror
908. Chithini,2h 31m,6.1,554,Horror
909. The Apocalypse Box,1h 26m,3.3,250,Horror
910. Talahib,1h 23m,5.4,21,Horror
911. Red Night at Skye's,1h 22m,6.9,16,Horror
912. Don Dukun,1h 38m,7.1,61,Horror
913. Para Betina Pengikut Iblis: Part 2,1h 30m,4.0,133,Horror
914. Operation Laila,2h 3m,5.5,58,Horror
915. Deadly Retreat,46m,4.8,114,Horror
916. Zombies: Christmas Apocalypse,N/A,2.3,26,Horror
917. States of Mind,2h,N/A,N/A,Horror
918. Rambut Kafan,1h 38m,4.5,102,Horror
919. Boo Main Dargi,N/A,6.2,23,Horror
920. Abnormal: Buas,1h 30m,5.7,29,Horror
921. HMM Hug Me More,1h 42m,8.1,1.1K,Horror
922. Chuzalongo,1h 35m,6.8,6,Horror
923. Toxic Daughter,1h 45m,5.3,58,Horror
924. 10/31 Part 4,1h 27m,5.5,19,Horror
925. Itch!,1h 22m,6.8,8,Horror
926. Sharkers,1h 28m,4.1,174,Horror
927. Wolves Against the World,1h 28m,3.4,68,Horror
928. Curtains for Christmas,1h 10m,5.4,69,Horror
929. Stream,1h 25m,4.2,55,Horror
930. Dark Chronicles,1h 15m,3.8,9,Horror
931. In the Belly of a Tiger,1h 31m,7.5,104,Horror
932. Oru Kadha Sollattaa Sir,2h 10m,6.1,41,Horror
933. Cruel Summer III: Pray for Fall,1h 49m,4.3,21,Horror
934. Slasher Days of Summer,N/A,N/A,N/A,Horror
935. Am Fear Liath,N/A,5.3,43,Horror
936. Kanbalhi,1h 55m,9.0,6,Horror
937. Are You Dead Yet?,N/A,6.4,11,Horror
938. Huggin Molly,54m,5.9,88,Horror
939. Creepypasta: Deathnet,1h 11m,3.3,69,Horror
940. Treasures of Terror: Vol 2,N/A,3.8,13,Horror
941. The Red Box Project,N/A,N/A,N/A,Horror
942. Synthwave Horror: Frankenstein's Castle of Freaks,N/A,N/A,N/A,Horror
943. Bad Ben 14: Frankenstein,1h 46m,N/A,N/A,Horror
944. The Devil Inside Her,N/A,5.5,16,Horror
945. Shi Ren Yu,1h 11m,2.5,9,Horror
946. The Damnation,1h 22m,6.7,23,Horror
947. Bananahead,24m,N/A,N/A,Horror
948. Tahoe Joe 2: The Sierra Nevada Bigfoot Conspiracy,1h 14m,4.3,261,Horror
949. Wishes of the Blue Girl,1h 13m,4.3,382,Horror
950. Colour Palette,1h 27m,9.4,53,Horror
951. Moon Ghost Returns,N/A,6.0,29,Horror
952. Death Web,1h 4m,5.5,89,Horror
953. Bedtime Stories: Tales of Love and Hate,1h 5m,7.7,15,Horror
954. Nûfer,1h 38m,2.8,16,Horror
955. Man in the Blue Suit,N/A,4.7,21,Horror
956. Noclip,1h 1m,3.7,44,Horror
957. I Heard You Buy Souls,1h 28m,2.7,52,Horror
958. Videotheque,1h 52m,5.2,108,Horror
959. An Intruder Among Us,N/A,8.7,41,Horror
960. Halloween: Mal Eterno,50m,8.2,236,Horror
961. Holy Mother,1h 35m,N/A,N/A,Horror
962. Night Demon,1h,N/A,N/A,Horror
963. The Thing,N/A,N/A,N/A,Horror
964. El tema del verano,1h 31m,7.2,25,Horror
965. C202,2h 15m,4.9,2.2K,Horror
966. Korku Kapani (Sessiz Ciglik),1h 7m,N/A,N/A,Horror
967. Bhavanam: The Haunted House,2h 19m,6.5,19,Horror
968. Chum!,N/A,3.2,84,Horror
969. Dia de Finados,1h 17m,9.2,9,Horror
970. Arctic Hollow,1h 10m,2.3,187,Horror
971. Wayward Sisters,N/A,N/A,N/A,Horror
972. Restitution,N/A,4.1,34,Horror
973. Ripper Revealed,1h 10m,3.6,205,Horror
974. Unknown Caller,1h 3m,7.3,35,Horror
975. Ravenwood,N/A,N/A,N/A,Horror
976. Night of the Strangers,N/A,4.0,9,Horror
977. Lizzie Lazarus,1h 31m,4.2,111,Horror
978. Chasing Zombies: A George Romero Tribute,1h 45m,9.0,8,Horror
979. Masacre en el Delta,N/A,N/A,N/A,Horror
980. Blood Magick,1h 39m,9.2,13,Horror
981. 4:44 : Time of Fear,44m,5.4,23,Horror
982. No Voltees,1h 34m,5.5,232,Horror
983. Prima del giorno dopo,1h 45m,7.8,75,Horror
984. Death After Dusk,2h 20m,5.6,97,Horror
985. O Clube das Mulheres de Negócios,1h 35m,4.7,115,Horror
986. Passages of Nexus,1h 48m,5.3,327,Horror
987. Secret Shadow,1h 22m,7.4,18,Horror
988. Hannas 2,1h 19m,3.0,47,Horror
989. Dead Body,2h 15m,3.7,41,Horror
990. Tragic Waste,1h 17m,7.9,96,Horror
991. Early Morning Calm,N/A,8.7,22,Horror
992. Trivial,N/A,5.0,38,Horror
993. Wrong Places,1h 33m,2.1,65,Horror
994. The E-Ghost,1h 50m,6.8,14,Horror
995. Apocalypse Love,N/A,7.5,9,Horror
996. Head Like a Hole,1h 33m,6.2,33,Horror
997. Devil Hunters,2h,8.7,129,Horror
998. Sapien,1h 44m,2.4,79,Horror
999. The Melon Heads: House of Crow,N/A,6.4,30,Horror
1000. Demon: Azab-ül Kem,N/A,5.8,52,Horror
1001. Der Doktor - L'ombra della morte,N/A,5.3,18,Horror
1002. The Film Café,N/A,N/A,N/A,Horror
1003. Zim Zim Ala Kazim,1h 40m,3.6,115,Horror
1004. Pulp Modern: Die Laughing,1h 23m,8.2,98,Horror
1005. Dwiju,1h 25m,4.6,17,Horror
1006. Severance Mountain,1h 14m,5.3,18,Horror
1007. Iron Nest of the Moon,1h 10m,7.6,13,Horror
1008. Bernadette will töten,1h 33m,8.4,23,Horror
1009. STEVE (A Minecraft Movie),1h 1m,6.9,14,Horror
1010. Blood of the Werewolf's Claw,1h 30m,2.7,7,Horror
1011. Slay Ride - The Movie,1h 25m,N/A,N/A,Horror
1012. Bloodspawn,1h 16m,6.6,14,Horror
1013. Blood Demons,2h 14m,N/A,N/A,Horror
1014. Quadrant: Noir Version,1h 13m,7.2,13,Horror
1015. Ritual,1h 10m,6.2,9,Horror
1016. Padikkadha Pakkangal,1h 46m,4.3,168,Horror
1017. The Point Pleasant Tapes,N/A,N/A,N/A,Horror
1018. El día de la tormenta,N/A,8.6,5,Horror
1019. Untitled Footage,N/A,5.7,31,Horror
1020. Danyang Mahar Tukar Nyawa,1h 50m,5.9,10,Horror
1021. The Last American Possession,1h 10m,N/A,N/A,Horror
1022. Harvest,N/A,5.3,19,Horror
1023. Tumbal Darah,1h 32m,N/A,N/A,Horror
1024. Green Spaces,48m,N/A,N/A,Horror
1025. Possession Street,1h 36m,6.5,41,Horror
1026. The Circle of Death,1h 26m,7.5,6,Horror
1027. A Most Atrocious Thing,1h 15m,3.8,265,Horror
1028. Waruga: Kutukan Ilmu Hitam,1h 25m,6.3,34,Horror
1029. The House on Mansfield Street II: Evil Next Door,1h 20m,4.9,102,Horror
1030. Firework,1h,6.1,14,Horror
1031. Abductee,1h 59m,N/A,N/A,Horror
1032. Santa Crawls,N/A,N/A,N/A,Horror
1033. Dont,47m,N/A,N/A,Horror
1034. Aranam,2h 7m,7.5,402,Horror
1035. Slasher Fetish,N/A,N/A,N/A,Horror
1036. Dogman Territory: Werewolves in the Land Between the Lakes,N/A,5.6,37,Horror
1037. Misteri Bilik Korek Api,1h 13m,5.6,10,Horror
1038. The Emasculator,1h 16m,N/A,N/A,Horror
1039. The Frontrooms,1h 14m,3.3,44,Horror
1040. Grayson's Encounter,1h 10m,7.0,23,Horror
1041. Amigo,N/A,N/A,N/A,Horror
1042. Oh...My Wife,1h 34m,N/A,N/A,Horror
1043. Leatherbound,N/A,8.0,8,Horror
1044. Rise of the Crimson Butcher,N/A,5.1,56,Horror
1045. The Gatekeeper,1h 37m,5.5,21,Horror
1046. Indelebile,N/A,8.7,8,Horror
1047. Nenu Keerthana,2h 35m,8.9,2.1K,Horror
1048. Snake Resort,N/A,N/A,N/A,Horror
1049. The Clot,1h 19m,2.8,28,Horror
1050. Kabir Azabi 2,N/A,2.5,10,Horror
1051. The Last Stand,N/A,N/A,N/A,Horror
1052. I Saw Black Clouds,1h 19m,3.9,37,Horror
1053. The House of Ghosts,N/A,3.9,44,Horror
1054. Prove Your Love,N/A,8.3,576,Horror
1055. Lesbian Vampires from Outer Space,48m,N/A,N/A,Horror
1056. Daemon Mind,1h 41m,4.7,34,Horror
1057. Dosa Musyrik,1h 32m,6.7,17,Horror
1058. Bigfoot: The Movie - The Sequel,N/A,5.4,19,Horror
1059. Immortal Thieves: The Bloody Heist,N/A,6.9,37,Horror
1060. Dominus,1h 24m,N/A,N/A,Horror
1061. Bridge,1h 18m,3.7,13,Horror
1062. Diary of A Necro Piggy,1h 30m,N/A,N/A,Horror
1063. The Tormented,1h 25m,5.0,18,Horror
1064. Agrinai,1h 33m,7.9,69,Horror
1065. Soul Traveler (The Feature),1h 36m,4.2,24,Horror
1066. Shining,N/A,N/A,N/A,Horror
1067. Scream 2,31m,6.4,11,Horror
1068. Just Another Horror Movie,31m,5.9,10,Horror
1069. Adrian,N/A,N/A,N/A,Horror
1070. Bed of Nails,1h 44m,4.8,30,Horror
1071. Idiot Girls and School Ghost: School Anniversary,1h 30m,7.0,68,Horror
1072. Death Streamer: Noir Version,1h 12m,N/A,N/A,Horror
1073. The Forest,1h 47m,N/A,N/A,Horror
1074. Behold the Claw,1h 15m,5.6,18,Horror
1075. Terror of the Soul,N/A,N/A,N/A,Horror
1076. Influenza,1h 38m,4.3,35,Horror
1077. Easter Evil,1h 12m,1.5,153,Horror
1078. The Suffering of Monique,1h 19m,N/A,N/A,Horror
1079. Bloedhond,1h 32m,N/A,N/A,Horror
1080. Tobias: Dark Hallway,N/A,7.0,10,Horror
1081. Rerouting,1h 26m,4.1,172,Horror
1082. Sankta Lucia,N/A,6.3,46,Horror
1083. My Cannibal Crush,50m,6.3,12,Horror
1084. The Wildman Massacre,1h 30m,8.6,37,Horror
1085. Wonderland,2h,6.8,13,Horror
1086. My Zombabe,1h 45m,5.0,94,Horror
1087. A Haunting in Council House,1h 34m,4.9,57,Horror
1088. Anak Perjanjian Syaitan 2,1h 29m,6.4,34,Horror
1089. Monkey's Magic Merry Go Round,1h 31m,7.4,12,Horror
1090. Stalked by Shadows,1h,3.3,11,Horror
1091. Synthwave Horror: The Cabinet of Dr. Caligari,N/A,N/A,N/A,Horror
1092. Disremembered,1h 44m,4.9,144,Horror
1093. I'm Haunted 2,N/A,5.3,91,Horror
1094. [null],N/A,N/A,N/A,Horror
1095. Problematic Intentions,1h 30m,4.6,15,Horror
1096. Saka Perawan,1h 31m,5.1,57,Horror
1097. Ananya,2h 16m,8.8,888,Horror
1098. Jason Escaped from Hell: A Friday the 13th Fan Film,N/A,N/A,N/A,Horror
1099. Mueng non mueng tai,1h 39m,2.3,14,Horror
1100. Trillberry Murders,1h 54m,5.6,14,Horror
1101. Golgota - Flor de Carne,1h 18m,N/A,N/A,Horror
1102. Zir-i Cin 3: Cin Dügümü,1h 26m,3.9,22,Horror
1103. Mesken (Messuage),1h 39m,7.3,47,Horror
1104. Maya,1h 49m,7.0,9,Horror
1105. La Hierba del Diablo,1h 20m,3.8,52,Horror
1106. Day of the Clones,1h 38m,3.9,67,Horror
1107. Gunfighter Paradise,N/A,8.8,18,Horror
1108. Hillock Haunting,1h 23m,3.4,245,Horror
1109. Mariara,N/A,5.3,12,Horror
1110. La cárcel Maldita,1h 27m,4.7,6,Horror
1111. Campfire Dead by Dawn,1h 27m,3.0,65,Horror
1112. Scream: The Fan Favorite,49m,8.1,19,Horror
1113. Night Games,1h 39m,5.6,290,Horror
1114. Siapa Buka Lampu?,1h 32m,7.3,7,Horror
1115. Amityville AI,N/A,3.9,52,Horror
1116. Slasher House 3,N/A,4.5,71,Horror
1117. Ibu,1h 20m,N/A,N/A,Horror
1118. Alone in the Night,N/A,3.8,8,Horror
1119. Sorority Girl Massacre: Guts of Ecstasy,54m,N/A,N/A,Horror
1120. How to Make a Werewolf,16+,5.5,146,Horror
1121. Serena Versus,N/A,N/A,N/A,Horror
1122. Hell Squad 2: Fresh Meat,1h 35m,9.3,21,Horror
1123. Garez,N/A,2.8,19,Horror
1124. Tan-Ti-Ana,1h 35m,6.0,26,Horror
1125. Landlord,N/A,N/A,N/A,Horror
1126. Insane Like Me?,1h 26m,4.4,60,Horror
1127. The Sacrifice,1h,N/A,N/A,Horror
1128. Khatarnaak Manzil,N/A,N/A,N/A,Horror
1129. Grimmwood,N/A,8.1,17,Horror
1130. Symphony of Suffering,1h 3m,5.8,6,Horror
1131. Strangers,1h 39m,6.6,10,Horror
1132. The Tattoo,1h 30m,N/A,N/A,Horror
1133. Devil on Stalk,11m,N/A,N/A,Horror
1134. Big/Bad/Wolf,N/A,3.9,11,Horror
1135. Fright,1h 21m,6.3,79,Horror
1136. Tales of the Forgotten,2h 50m,5.2,9,Horror
1137. The Devil's Wasteland,1h 36m,N/A,N/A,Horror
1138. The Lonely Man with the Ghost Machine,1h 30m,3.0,162,Horror
1139. Rose's Last Session,N/A,5.2,28,Horror
1140. The Killer Goldfish,1h 34m,6.0,6,Horror
1141. New Folder,1h 12m,4.7,27,Horror
1142. Diwe,N/A,N/A,N/A,Horror
1143. New Year's Absolution,N/A,1.6,5,Horror
1144. Nosferatu: A Symphony of Horror - Audio Score by idiedtrying.,1h 34m,7.5,11,Horror
1145. Bad Ben 13: The Dracula Situation,1h 39m,3.5,12,Horror
1146. Nightmare in Argus,N/A,3.6,9,Horror
1147. Blood Red River Bed,N/A,5.7,24,Horror
1148. Strange Events Sim,1h 20m,N/A,N/A,Horror
1149. The Beast Hand,1h 17m,4.5,14,Horror
1150. O Procedimento,12m,8.2,52,Horror
1151. Winemaker,59m,5.4,39,Horror
1152. Advent,1h 17m,4.3,33,Horror
1153. Forbidden Tapes - Anthology of Terror,1h 1m,5.4,8,Horror
1154. Down for the Count,50m,N/A,N/A,Horror
1155. Body & Soul,1h 15m,3.1,43,Horror
1156. Zombie Chronicles: Regeneration,N/A,N/A,N/A,Horror
1157. Domovoy,1h 42m,4.3,301,Horror
1158. Levizia,N/A,N/A,N/A,Horror
1159. Jama,1h 11m,6.0,18,Horror
1160. Don't Break the Rules,1h 37m,2.7,57,Horror
1161. Choke,1h 38m,7.5,22,Horror
1162. Decibel,N/A,5.2,9,Horror
1163. The Blade Cuts Deeper,N/A,N/A,N/A,Horror
1164. First Person Savior,1h 21m,4.9,12,Horror
1165. B Lines,N/A,6.8,15,Horror
1166. Dead Boys Club,1h 45m,6.3,26,Horror
1167. Screamwalkers,1h 2m,3.9,57,Horror
1168. Slender: Demoniac,N/A,N/A,N/A,Horror
1169. Zombie Anonymous,N/A,4.8,14,Horror
1170. Alien Legacy: Terror on Luxor Ridge,2h 7m,5.7,22,Horror
1171. Synthwave Horror: Night of the Living Dead,N/A,N/A,N/A,Horror
1172. Play Along,1h 30m,N/A,N/A,Horror
1173. Welcome to Kittytown,1h 28m,7.7,8,Horror
1174. 31 Kills of Halloween,N/A,2.9,9,Horror
1175. A Maldição de Romanova,1h 20m,5.0,22,Horror
1176. Everything Decays,1h 4m,N/A,N/A,Horror
1177. Spending Some Time Together,2h 26m,6.9,30,Horror
1178. Blackest Darkness,1h 16m,5.5,75,Horror
1179. Dead Fun,1h 1m,9.0,12,Horror
"1180. Rapunzel, El Perro y El Brujo",1h 49m,7.6,22,Horror
1181. Gen 2,N/A,3.4,14,Horror
1182. Inziva,1h 34m,N/A,N/A,Horror
1183. Scary Tales: Dark Walker,N/A,3.3,54,Horror
1184. Conexão com o Mal,2h 13m,8.3,32,Horror
1185. Baridegi: The abandoned Girl,1h 47m,3.4,18,Horror
1186. Maximum Strollerdrive,N/A,N/A,N/A,Horror
1187. Re:Human,1h 48m,5.7,39,Horror
1188. Bantay-bahay,1h 26m,5.5,17,Horror
1189. Manju Maria,2h 45m,N/A,N/A,Horror
1190. Kukushka,1h 33m,4.3,33,Horror
1191. Family Comes First,1h 5m,8.0,8,Horror
1192. Mystery Creek,1h 54m,N/A,N/A,Horror
1193. Bunny Man Slaughter,N/A,6.3,24,Horror
1194. The Mortician,16+,N/A,N/A,Horror
1195. The Whisper in the Woods,1h 11m,5.2,43,Horror
1196. Time of the Witch,1h 31m,6.6,15,Horror
1197. The Girl in Yellow,1h 25m,N/A,N/A,Horror
1198. The Haunting of the Blain Mayor,2h,N/A,N/A,Horror
1199. Basileia,1h 36m,4.2,59,Horror
1200. Hide and Seek,1h 38m,4.7,6,Horror
1201. I'm Haunted 3,N/A,5.8,56,Horror
1202. Clownface 3,1h 44m,8.2,58,Horror
1203. Tennessee Bigfoot,1h 5m,N/A,N/A,Horror
1204. Cursed,N/A,N/A,N/A,Horror
1205. Fierce Killer Marsupial,1h 26m,2.3,50,Horror
1206. Halloween Massacre,N/A,7.1,30,Horror
1207. The Awkward Stage,1h 9m,5.6,16,Horror
1208. King,8m,N/A,N/A,Horror
1209. The WeedHacker Massacre,N/A,N/A,N/A,Horror
1210. 1st Japan Horror Film Competition: Winning Works,1h 45m,N/A,N/A,Horror
1211. Nowhere Land,1h 24m,3.4,14,Horror
1212. The Whisper Within the Woods,N/A,7.7,27,Horror
1213. Finger Licking,1h 29m,4.7,18,Horror
1214. Ummeed,N/A,N/A,N/A,Horror
1215. Sadako: Pendant of Mourning,53m,N/A,N/A,Horror
1216. The Dream Ledger,N/A,N/A,N/A,Horror
1217. Road Kill,1h 20m,N/A,N/A,Horror
1218. Idiot Girls and School Ghost 2: Teaching Practice,1h 25m,N/A,N/A,Horror
1219. In the Room Where He Waits,1h 23m,4.8,89,Horror
1220. Residency,54m,N/A,N/A,Horror
1221. Horror Unmasked,Not Rated,3.3,23,Horror
1222. Terrornet,1h 28m,3.7,95,Horror
1223. Stab 4: Knife of Doom,1h 38m,5.4,15,Horror
1224. The Dark Mother Special+20mn,2h,7.6,21,Horror
1225. Flora,15m,N/A,N/A,Horror
1226. epic gost movie,1h 7m,N/A,N/A,Horror
1227. Adze the African Vampire,1h 21m,3.4,61,Horror
1228. Observados,N/A,N/A,N/A,Horror
1229. The Beast That Ate Waverly,1h 24m,N/A,N/A,Horror
1230. Oro Negro,N/A,N/A,N/A,Horror
1231. Peeling Off,17m,N/A,N/A,Horror
1232. Blodsuger,1h 34m,6.7,9,Horror
1233. Mystery Writers,1h 30m,5.2,74,Horror
1234. La Hacienda - El Regreso de los Malditos,1h 10m,7.6,15,Horror
1235. Horror Able,1h 18m,6.5,24,Horror
1236. El Kafirun,1h 10m,6.6,20,Horror
1237. Yagna,2h 11m,7.1,2.2K,Horror
1238. Prethangalude Koottam,N/A,9.2,7,Horror
1239. Yuanyang Lou,N/A,4.0,24,Horror
1240. Lipstick on the Glass,1h 56m,4.1,14,Horror
"1241. The Call of Cthulhu, Pt. 3 - Madness from the Sea",N/A,N/A,N/A,Horror
1242. Cross Roads,N/A,N/A,N/A,Horror
1243. The Prey,1h 19m,N/A,N/A,Horror
1244. Intrusive,1h 6m,6.8,6,Horror
1245. The Watchers Roblox movie,35m,N/A,N/A,Horror
1246. Abduction Chronicles,2h 6m,8.5,38,Horror
1247. The Damned Lands,N/A,N/A,N/A,Horror
1248. For God's Sake Wake Her Up,N/A,6.2,10,Horror
1249. Küffar,N/A,4.8,20,Horror
1250. Horror-Scopes: Volume Two,1h 28m,8.1,20,Horror
1251. Cryptic Triptych,N/A,7.6,9,Horror
1252. The Mollusk Murders,46m,N/A,N/A,Horror
1253. Voidcaller,1h 25m,6.6,43,Horror
1254. I Curse This Land,1h 26m,4.0,94,Horror
1255. The Unrighteous,1h 27m,5.1,35,Horror
1256. Evil in Me,1h 15m,4.0,6,Horror
1257. He's Watching You,N/A,N/A,N/A,Horror
1258. Korban Jatuh Tempo,N/A,N/A,N/A,Horror
1259. A.R.C.A,52m,N/A,N/A,Horror
1260. #Models Wanted,N/A,8.5,33,Horror
1261. Janus,1h 12m,4.9,11,Horror
1262. The Intruder: The Movie (Chapter 1),24m,N/A,N/A,Horror
1263. On Gallows Hill,N/A,N/A,N/A,Horror
1264. Bijt,1h 45m,5.8,55,Horror
1265. Urban Nightmares: A Found Footage Anthology,N/A,4.7,46,Horror
1266. Midnight Harvest,1h 10m,N/A,N/A,Horror
1267. LOON!,N/A,8.0,8,Horror
1268. Tin Roof,N/A,N/A,N/A,Horror
1269. The Book (El Libro),N/A,5.9,9,Horror
1270. Troubled Chairs,N/A,7.8,14,Horror
1271. In the Woods,1h 23m,N/A,N/A,Horror
1272. Hantu Polong,1h 30m,7.4,46,Horror
1273. The Exorcism of Margot Miles,N/A,N/A,N/A,Horror
1274. Demon Stalker,1h 37m,2.2,7,Horror
1275. Mom's Coming,2h 2m,N/A,N/A,Horror
1276. Mercy Brown,1h,N/A,N/A,Horror
1277. Rust 3,N/A,4.2,48,Horror
1278. Haunted by Her Name,1h 30m,2.8,96,Horror
1279. Shuigui Bride,1h 19m,N/A,N/A,Horror
1280. Quiet,1h 11m,5.0,8,Horror
1281. The Last Five Days: The Freak Building,1h 1m,3.7,60,Horror
1282. Leech,1h 20m,N/A,N/A,Horror
1283. Malam Keramat,1h 30m,6.0,33,Horror
1284. Sinakagon,1h 55m,6.9,33,Horror
1285. Un día cualquiera,1h 30m,5.7,15,Horror
1286. Neighborhood,1h 24m,5.8,5,Horror
1287. White Muscle Daddy,2h 15m,N/A,N/A,Horror
1288. Murdaritaville,1h 2m,3.4,118,Horror
1289. I Awoke Early the Day I Died,1h 30m,N/A,N/A,Horror
1290. Tapeface,46m,N/A,N/A,Horror
1291. Induced 2,N/A,N/A,N/A,Horror
1292. Petualangan Anak Penangkap Hantu,1h 39m,5.7,28,Horror
1293. Slenderverse: The Rise and Fall of Slenderman,1h 56m,8.8,7,Horror
1294. Florence,1h 19m,N/A,N/A,Horror
1295. Humanzee,N/A,N/A,N/A,Horror
1296. Naalkane Aayama,1h 48m,7.3,2.8K,Horror
1297. Ictus: Paciente Cero,N/A,N/A,N/A,Horror
1298. Enasar: Sirayet-i Cin,N/A,6.3,19,Horror
1299. Clawface,1h 38m,8.6,14,Horror
1300. Kara Cin Laneti,N/A,3.9,19,Horror
1301. Jyukinshi,1h 43m,3.0,11,Horror
1302. Compression,2h 4m,8.0,15,Horror
1303. Átropos,1h 33m,5.5,23,Horror
1304. Bannkorb,19m,7.4,6,Horror
1305. High Strangeness,N/A,N/A,N/A,Horror
1306. The Bell: Panggilan Untuk Mati,N/A,N/A,N/A,Horror
1307. All of it Ends,N/A,N/A,N/A,Horror
1308. Katala - Oyun Gecesi,N/A,4.5,11,Horror
1309. Aphasia,N/A,4.9,19,Horror
1310. Amityville Webcam,1h 42m,3.8,19,Horror
1311. Ghosted,50m,N/A,N/A,Horror
1312. Krapiva: Tsvetok smerti,1h 21m,6.1,59,Horror
1313. City of Oz,53m,N/A,N/A,Horror
1314. Erbsünde - Veil of Sin,1h 18m,N/A,N/A,Horror
1315. Squelch,1h 32m,N/A,N/A,Horror
1316. Cruel: The Cross Village Encounter,57m,4.5,48,Horror
1317. Corpórea,N/A,5.9,8,Horror
1318. The Dark Eye,1h 59m,N/A,N/A,Horror
1319. Dating Horror Stories,N/A,3.6,11,Horror
1320. Keo=peul-ji-ok,1h 34m,5.6,8,Horror
1321. Case 19: Vichchhiya,51m,N/A,N/A,Horror
1322. The Tooth Fairy and Other Twisted Tales,1h 24m,N/A,N/A,Horror
1323. Amir,1h 10m,5.4,20,Horror
1324. Obscura,1h 29m,6.3,9,Horror
1325. The Director's Cut,1h 22m,4.2,16,Horror
1326. The Haunting of Lanquetot,1h 36m,3.7,10,Horror
1327. Death Perception,1h 46m,N/A,N/A,Horror
1328. Cieco sordo muto,1h 25m,7.1,9,Horror
1329. Athma,N/A,N/A,N/A,Horror
1330. The Elite of Devils,1h 48m,3.6,44,Horror
1331. On the Trail of Bigfoot: The Ancients,2h 20m,6.2,7,Horror
1332. The Torture: Beranak dalam Kubur,1h 31m,N/A,N/A,Horror
1333. The Evil Within,N/A,N/A,N/A,Horror
1334. The Hellper,1h 30m,6.2,25,Horror
1335. MAKKA: Cinn-i Azap,1h 15m,4.3,13,Horror
1336. Dead-End,46m,8.2,6,Horror
1337. Ruh Azabi,1h 30m,N/A,N/A,Horror
1338. Velhan,1h 17m,6.4,18,Horror
1339. Histórias Estranhas 2,1h 22m,7.6,7,Horror
1340. Cheongsam Merah Darah,1h 30m,5.7,11,Horror
1341. 2nd Japan Horror Film Competition: Winning Works,1h 51m,N/A,N/A,Horror
1342. Finally Home,1h 3m,N/A,N/A,Horror
1343. The Hoard,N/A,N/A,N/A,Horror
1344. Dead Talk Tales: Volume I,1h 38m,6.6,28,Horror
1345. Gentleman Caller,1h 43m,8.5,9,Horror
1346. Bisikan Setan,1h 28m,6.7,11,Horror
1347. Suprema,1h 38m,N/A,N/A,Horror
1348. Suhaila Bint Duaim,2h 36m,N/A,N/A,Horror
1349. Vefk-i Cin Sekar,1h 24m,N/A,N/A,Horror
1350. Haunted New Orleans,N/A,N/A,N/A,Horror
1351. GOREphers: Final Gnaw,1h 2m,N/A,N/A,Horror
1352. Zuhruf Saye,N/A,3.8,13,Horror
1353. Ucube: Son Efsun,N/A,2.7,9,Horror
1354. Sobe: Sakalli Bebek,1h 26m,5.0,17,Horror
1355. Three Dead Cowboys,N/A,N/A,N/A,Horror
1356. Tie Die,1h 20m,3.0,8,Horror
1357. Stalker Jane,N/A,N/A,N/A,Horror
1358. Peccatum,1h 8m,1.9,24,Horror
1359. Mir'at Iblisin Laneti,N/A,N/A,N/A,Horror
1360. Ölümcül Davet,N/A,N/A,N/A,Horror
1361. EverMoreOutThere,N/A,N/A,N/A,Horror
1362. FPS,1h,4.3,20,Horror
1363. The Smell of Blood,1h 15m,2.3,19,Horror
1364. Cintihar,1h 17m,2.6,10,Horror
1365. Dreams of the Dead,1h 22m,N/A,N/A,Horror
1366. Petrified: A HHH Film,50m,N/A,N/A,Horror
1367. A Very Flattened Christmas,1h 35m,6.1,37,Horror
1368. Are Vampires Real,45m,N/A,N/A,Horror
1369. Condemned,1h 12m,8.9,12,Horror
1370. Shoroter Joba,2h 3m,4.4,24,Horror
1371. The Ghoul Haunting,N/A,N/A,N/A,Horror
1372. No Lo Escuches,N/A,N/A,N/A,Horror
1373. The Swift,33m,N/A,N/A,Horror
1374. Changle zhen gui shi,1h 28m,N/A,N/A,Horror
1375. La Maldición de Knoche,N/A,N/A,N/A,Horror
1376. Blurred Lines,47m,N/A,N/A,Horror
1377. Pemburu Saka,1h 29m,N/A,N/A,Horror
1378. Mad Cow Massacre,1h 21m,N/A,N/A,Horror
1379. The Grieving,1h 35m,N/A,N/A,Horror
1380. Andrey Iskanov's Breaking Uroboros,N/A,7.2,31,Horror
1381. El Juego 2: La Maldición del Bosque,1h 37m,5.9,36,Horror
1382. Inside a spider,N/A,5.7,11,Horror
1383. Live Different,48m,2.7,10,Horror
1384. A Witch Lives in the Attic,1h 28m,N/A,N/A,Horror
1385. A Detox Horrific,1h 12m,N/A,N/A,Horror
1386. Five Nights at Freddy's: Shadow of Vanny,1h 21m,N/A,N/A,Horror
1387. I am the girl 3 me and my girlfriend,N/A,N/A,N/A,Horror
1388. JEIT,1h 10m,N/A,N/A,Horror
1389. Midnight at the Limbo Lounge,N/A,N/A,N/A,Horror
1390. Springsville,N/A,4.2,26,Horror
1391. Horrorathon Volume 3,1h 33m,5.1,15,Horror
1392. Your Curse,N/A,2.6,19,Horror
"1393. Love, Blood, & Aztec Demons: The Lost Films of Juan F. Moctezuma II",1h 34m,N/A,N/A,Horror
1394. The Bloodsummer Diary,1h 45m,N/A,N/A,Horror
1395. There Is a Monster,1h 22m,3.7,179,Horror
1396. Slenderverse: Building the Slenderman,1h 55m,7.4,9,Horror
1397. Hide Me Within Your Wounds,N/A,N/A,N/A,Horror
1398. Satan Kingdom Babylon,1h 17m,N/A,N/A,Horror
1399. Büyücü,N/A,N/A,N/A,Horror
1400. Sounds Like A Great Project!,1h 15m,N/A,N/A,Horror
1401. Penumbra: Requiem,1h 31m,N/A,N/A,Horror
1402. Llorona Origin,N/A,N/A,N/A,Horror
1403. The Lustful Dead II,N/A,N/A,N/A,Horror
1404. San Geng Ke Zhan,1h 28m,6.1,14,Horror
1405. Brain Tumor,1h 16m,3.8,52,Horror
1406. Recalculating,1h 30m,N/A,N/A,Horror
1407. Into the Dead of Night,1h 3m,N/A,N/A,Horror
1408. Yong Sari,1h 30m,N/A,N/A,Horror
1409. Sidequest!,1h 20m,N/A,N/A,Horror
1410. ZZZ: Zombie Zone Zero,1h 15m,N/A,N/A,Horror
1411. Psychomorphosis,56m,N/A,N/A,Horror
1412. A Lenda dos Quatro,N/A,N/A,N/A,Horror
1413. Doors. Hotel Mystery,13+,N/A,N/A,Horror
1414. The Stickman's Hollow,N/A,8.7,8,Horror
1415. Neath's Love Story 3,1h 40m,6.2,13,Horror
1416. Where the Mountain Women Sing,15m,5.9,9,Horror
1417. The Red Herring,53m,N/A,N/A,Horror
1418. Le tueur du premier mai,1h 7m,N/A,N/A,Horror
1419. This Is Not A Lost Film by Khavn,1h,N/A,N/A,Horror
1420. Nijari,1h 46m,N/A,N/A,Horror
1421. The Get Out,N/A,N/A,N/A,Horror
1422. Bet on Black,N/A,N/A,N/A,Horror
1423. Time Traveler's,N/A,N/A,N/A,Horror
1424. La Chancla Del Diablo,1h 30m,4.5,15,Horror
1425. TapewormZ,N/A,5.1,30,Horror
1426. Red Light District Shark Attack,N/A,3.2,51,Horror
1427. The Message,54m,N/A,N/A,Horror
1428. Mashaarojinn,1h 39m,9.0,20,Horror
1429. Dabba,1h 15m,5.0,22,Horror
1430. Once Upon a Time in Amityville,1h 13m,3.7,57,Horror
1431. The Evangelist,N/A,N/A,N/A,Horror
1432. Ridin the Clown,1h 5m,N/A,N/A,Horror
1433. Biswas Villa-An Unfinished Story,54m,8.6,21,Horror
1434. 3. Gece Habis,N/A,6.1,20,Horror
1435. The Dog from a Graveyard,1h 33m,N/A,N/A,Horror
1436. Cacophony the Animated Movie,1h 21m,N/A,N/A,Horror
1437. Shadows,1h 15m,6.8,21,Horror
1438. Malee,1h 25m,3.4,15,Horror
1439. Dank Frank,1h 23m,N/A,N/A,Horror
"1440. The Actor, the Nurse, & The Cryptid",2h 11m,N/A,N/A,Horror
1441. Dunwich Journals,1h 30m,N/A,N/A,Horror
1442. Misty,30m,N/A,N/A,Horror
1443. Cursed Waters: Creature of Lake Okanagan,N/A,6.8,7,Horror
1444. Flammentod,1h,N/A,N/A,Horror
1445. Good Boy,13m,N/A,N/A,Horror
1446. Erracheera,N/A,N/A,N/A,Horror
1447. Archai,1h 27m,N/A,N/A,Horror
1448. The Last Grail Hunter,N/A,7.7,7,Horror
1449. Mihrez 3: Cin Bebek,1h 18m,2.8,17,Horror
1450. Tiny House,N/A,N/A,N/A,Horror
1451. Lachrymose Primrose,1h 37m,6.3,41,Horror
1452. SMB-plush presents trick or death,2h,8.0,17,Horror
1453. La sombra del tiburón,1h 29m,6.2,17,Horror
"1454. ...Mayombe, Paula?",N/A,N/A,N/A,Horror
1455. Napoleon Street,1h 50m,N/A,N/A,Horror
1456. Midnight Perturbation,1h 21m,8.6,12,Horror
1457. Web,1h 11m,N/A,N/A,Horror
1458. Sirna Dalane Pati,45m,N/A,N/A,Horror
1459. Black Theta,1h 49m,7.4,11,Horror
1460. Der Dritte Gast,1h 13m,3.3,43,Horror
1461. Laberinto de sombras,1h 50m,6.1,9,Horror
1462. Kísértés az erdö mélyén,1h 18m,2.8,77,Horror
1463. Nighthawk: Maison Margiela Artisanal,1h 14m,N/A,N/A,Horror
1464. Day of the Wicked,1h 37m,N/A,N/A,Horror
1465. Mendebur,1h 33m,N/A,N/A,Horror
1466. Don't Open the Box,45m,7.0,9,Horror
1467. Devil's Punchbowl,N/A,4.2,27,Horror
1468. The Haunting in Rosemary Lane,59m,3.5,29,Horror
1469. Los visitados,N/A,6.5,6,Horror
1470. A Coffin of Stars,1h 40m,5.2,6,Horror
1471. Zah-Har Cin Ahalisi,N/A,3.8,9,Horror
1472. Mritojibi,50m,N/A,N/A,Horror
1473. Maldoror,N/A,N/A,N/A,Horror
1474. Rebel,1h 29m,N/A,N/A,Horror
1475. No Budget Theater Double Feature,1h 37m,N/A,N/A,Horror
"1476. Fear, Forget My Name",N/A,N/A,N/A,Horror
1477. Bitches Giving Stitches,1h 20m,N/A,N/A,Horror
1478. Unwelcome Home,1h 15m,8.0,9,Horror
1479. A Noiva,1h 13m,N/A,N/A,Horror
1480. Queen Dracula Sucks Again,N/A,N/A,N/A,Horror
1481. The Greeter,N/A,N/A,N/A,Horror
1482. Drive Recorder Spirit,51m,N/A,N/A,Horror
1483. Winter Grae,1h 40m,N/A,N/A,Horror
"1484. Rotten, Welcome to the Freak Show",1h 20m,N/A,N/A,Horror
1485. Last Shark,1h 10m,N/A,N/A,Horror
1486. Taped Up Familys,N/A,4.2,78,Horror
1487. Fara suflet,1h 35m,6.5,9,Horror
1488. Verified,1h 37m,5.1,9,Horror
1489. Morgan's Bedroom,1h 21m,N/A,N/A,Horror
1490. Arbor Day,1h 5m,N/A,N/A,Horror
1491. Once Passed On,1h 31m,6.6,7,Horror
1492. The Dead of Night,N/A,N/A,N/A,Horror
1493. The Haunted Granny,N/A,N/A,N/A,Horror
1494. Fatal Exposure,18m,N/A,N/A,Horror
1495. The Freaks of Fancy,1h 38m,N/A,N/A,Horror
"1496. Il bambino, i due furfanti e la strega",1h 35m,N/A,N/A,Horror
1497. Atesten Dogan,1h 18m,N/A,N/A,Horror
1498. A New Dawn,1h,N/A,N/A,Horror
1499. Mister E,N/A,N/A,N/A,Horror
1500. The Resurrection of Amy Barlow,Not Rated,N/A,N/A,Horror
1501. Hellfire Hades II: 1980's Voodoo,2h 30m,N/A,N/A,Horror
1502. Killer Hand Dryer,1h 58m,7.8,10,Horror
1503. New Tokyo Poltergeist,1h 28m,5.1,11,Horror
1504. Spooky Society,N/A,N/A,N/A,Horror
1505. The Night Devours,N/A,N/A,N/A,Horror
1506. I'm Seeing Things,54m,N/A,N/A,Horror
1507. The Dark Possesion Sinister Act,N/A,N/A,N/A,Horror
1508. Unvexed,N/A,N/A,N/A,Horror
1509. Pacha,1h 30m,N/A,N/A,Horror
1510. Drops from Hell,N/A,N/A,N/A,Horror
1511. Tent Burner,54m,N/A,N/A,Horror
1512. Momentum,5m,N/A,N/A,Horror
1513. Zero Sum Game,N/A,N/A,N/A,Horror
1514. Cose nere,1h 23m,N/A,N/A,Horror
1515. Escape the City,4h,N/A,N/A,Horror
1516. Feng Shui,N/A,N/A,N/A,Horror
1517. The Mini Lights,1h 20m,N/A,N/A,Horror
1518. Kabandha,2h 4m,9.2,30,Horror
1519. Memories You Killed,N/A,8.2,14,Horror
1520. Muhnochwa,N/A,N/A,N/A,Horror
1521. Pierrot è un assassino,2h,N/A,N/A,Horror
1522. The Massacre,N/A,N/A,N/A,Horror
1523. Offline: O Filme,1h 9m,N/A,N/A,Horror
1524. Apostando con el diablo,1h 43m,N/A,N/A,Horror
1525. No One's Laughing,42m,N/A,N/A,Horror
1526. Sen Alma,1h 10m,N/A,N/A,Horror
1527. The Pandemic Dilemma,2h 6m,N/A,N/A,Horror
"1528. Agnes, Beauty is a Painted Hell",14m,N/A,N/A,Horror
1529. Halloween: The Evil of Michael Myers,N/A,N/A,N/A,Horror
1530. The Burned Hand,1h 25m,8.0,12,Horror
1531. Boney Island Reality Show,1h 27m,4.2,23,Horror
1532. Slenderverse: An Artistic Movement,1h 45m,6.6,7,Horror
1533. The Hounds of Darkness,N/A,4.8,9,Horror
1534. Killcast,N/A,4.9,7,Horror
1535. Shanidar,N/A,N/A,N/A,Horror
1536. There's Something About Knuckles Saga,46m,N/A,N/A,Horror
1537. 3 Strikes You're Dead,N/A,N/A,N/A,Horror
1538. Inti No. 13,2h 7m,N/A,N/A,Horror
1539. Darkness,12m,N/A,N/A,Horror
1540. Shadows,1h 24m,N/A,N/A,Horror
1541. The Viper,1h 1m,N/A,N/A,Horror
1542. Here and Now,1h 25m,N/A,N/A,Horror
1543. Night of the Howling,1h 10m,N/A,N/A,Horror
1544. The Pray,N/A,N/A,N/A,Horror
1545. Leave This House,N/A,N/A,N/A,Horror
1546. Incubus the evocation,N/A,N/A,N/A,Horror
1547. Project Mutationem: The Second Collection,1h 43m,8.1,7,Horror
1548. Demons vs. Ghosts,1h 32m,7.6,8,Horror
1549. The Doll Under the Stairs,N/A,3.0,21,Horror
1550. Gizlenen,N/A,3.6,8,Horror
1551. Embryonic,1h 15m,N/A,N/A,Horror
1552. The Scarlet Fry Collection,N/A,N/A,N/A,Horror
1553. Anna,1h 15m,N/A,N/A,Horror
1554. The Beast of No-Mans Land,1h 30m,N/A,N/A,Horror
1555. Beneath the Floorboard,6m,N/A,N/A,Horror
1556. Gadi,1h 17m,N/A,N/A,Horror
1557. Krampus (MM),N/A,N/A,N/A,Horror
1558. Malvila Farm,N/A,N/A,N/A,Horror
1559. ANiMA,1h 28m,N/A,N/A,Horror
1560. The Ritual Soul,1h 18m,N/A,N/A,Horror
1561. Dashboard Dogs,1h 30m,N/A,N/A,Horror
1562. The Statement,N/A,N/A,N/A,Horror
1563. Christmas Spirit,2h 30m,N/A,N/A,Horror
1564. Doll,N/A,N/A,N/A,Horror
1565. Shit Happens and Miracles Too,N/A,N/A,N/A,Horror
1566. Jealousy,1h 26m,N/A,N/A,Horror
1567. A Melty Kiss Lost in the Abyss - Un Dolce Bacio Perduto nell'Abisso -,1h 31m,7.7,25,Horror
1568. The Vent,3m,8.9,15,Horror
1569. Protanopia,1h 15m,7.0,14,Horror
1570. Town Mall 2,1h 26m,6.9,16,Horror
1571. Abaasylaakh Khaus,1h 10m,7.2,7,Horror
1572. Kurban: Budak Iblis,1h 27m,4.3,15,Horror
1573. Darkness Hunting,1h 12m,4.9,9,Horror
1574. Rahha,2h 15m,2.7,13,Horror
1575. Sunday Scaries,N/A,N/A,N/A,Horror
1576. Don't Open the Book,N/A,N/A,N/A,Horror
1577. Les Écorchés - Partie 1,1h 50m,N/A,N/A,Horror
1578. Bhootarth,N/A,N/A,N/A,Horror
1579. El Centinela de las Ánimas,N/A,N/A,N/A,Horror
1580. Stickman,1h 54m,N/A,N/A,Horror
1581. Believe Me or Not,1h 30m,N/A,N/A,Horror
1582. Blood Fight,1h 19m,N/A,N/A,Horror
1583. Un ciel noir dans la station 13,1h 30m,N/A,N/A,Horror
1584. Lucid Creek,1h 20m,N/A,N/A,Horror
1585. Gone: The Movie,13m,N/A,N/A,Horror
1586. Ilijah,1h 42m,N/A,N/A,Horror
1587. The Doomsday Virus,2h 30m,N/A,N/A,Horror
1588. Sister Psycho,1h 11m,N/A,N/A,Horror
1589. Keltainen joutsen,1h 25m,N/A,N/A,Horror
1590. Fábrica do Medo - Edição Comemorativa,1h 13m,N/A,N/A,Horror
1591. The Faceless Man Project,1h 29m,N/A,N/A,Horror
1592. I am the girl 4 my Student and my Agony,N/A,N/A,N/A,Horror
1593. Toys R Us (Fanmade FIim),2h,N/A,N/A,Horror
1594. Alaikyaa,N/A,N/A,N/A,Horror
1595. Sister II,1h 29m,N/A,N/A,Horror
1596. Mothershucker,1h 15m,N/A,N/A,Horror
1597. Star crossed,N/A,N/A,N/A,Horror
1598. Decayed Network,1h 48m,N/A,N/A,Horror
1599. The Hay Man,1h 14m,N/A,N/A,Horror
1600. Monster Girls,N/A,N/A,N/A,Horror
1601. Rainbows Over Plantation,1h 20m,N/A,N/A,Horror
1602. Dark Motel,1h 20m,N/A,N/A,Horror
1603. Skinfolk,N/A,N/A,N/A,Horror
1604. Cin Cukuru,1h 10m,N/A,N/A,Horror
1605. Static: An Anthology,1h 20m,N/A,N/A,Horror
1606. Painted Smile,N/A,N/A,N/A,Horror
1607. Gregório & as Patricinhas,N/A,N/A,N/A,Horror
1608. London After Midnight,1h 4m,N/A,N/A,Horror
1609. Only Mom,1h 22m,N/A,N/A,Horror
1610. Blue Caveman,N/A,N/A,N/A,Horror
1611. Five Nights at Freddy's: La Storia Di Giovyx 2 (Fan-Film),N/A,N/A,N/A,Horror
1612. Nicole Russin-McFarland's the Masque of the Red Death,50m,N/A,N/A,Horror
1613. The Days Left,47m,N/A,N/A,Horror
1614. The Lights,1h 31m,N/A,N/A,Horror
1615. Shadow Reaper,1h 11m,N/A,N/A,Horror
1616. Frights and Fears Vol 2,N/A,N/A,N/A,Horror
1617. La Cabane À Sang 2024,N/A,N/A,N/A,Horror
1618. Here Lies Daniel,11m,N/A,N/A,Horror
1619. Harruk,1h 10m,4.5,22,Horror
1620. Killer Reel,1h 13m,5.2,10,Horror
1621. The Lonely Ones,N/A,N/A,N/A,Horror
1622. Whispered Voices,1h 30m,N/A,N/A,Horror
1623. Bo Alajen,N/A,N/A,N/A,Horror
1624. You Feel Like You're Being Watched,43m,N/A,N/A,Horror
1625. The Listening,N/A,N/A,N/A,Horror
"1626. La Protegida: Mateo, el origen",N/A,N/A,N/A,Horror
1627. The Fetch of Hobbler's Trench,1h 31m,N/A,N/A,Horror
1628. Isolation Zone 5,1h 28m,N/A,N/A,Horror
1629. Cast Party,N/A,N/A,N/A,Horror
1630. Hell 2: Soil,50m,N/A,N/A,Horror
1631. Ghost Bowl,1h 30m,N/A,N/A,Horror
1632. The Follower,1h 30m,N/A,N/A,Horror
1633. Ghost Ahead,N/A,N/A,N/A,Horror
1634. Resolver,N/A,N/A,N/A,Horror
1635. Movie at Afton,2h 18m,N/A,N/A,Horror
1636. OINK the Dark Pig,N/A,N/A,N/A,Horror
1637. The Roost,57m,N/A,N/A,Horror
1638. Dukhad patr,1h 9m,N/A,N/A,Horror
1639. Written,45m,N/A,N/A,Horror
1640. Pharism: Prologue,1h 18m,N/A,N/A,Horror
1641. Into Pitch Black,N/A,N/A,N/A,Horror
1642. Echoes in the Dark,1h 47m,N/A,N/A,Horror
1643. Soul Harvest,N/A,N/A,N/A,Horror
1644. The Crude Crypt Vol 3,1h 15m,N/A,N/A,Horror
1645. The Boy Inside the Cocoon,2h 6m,N/A,N/A,Horror
1646. Specter Predators,8m,N/A,N/A,Horror
1647. The Man-Tis,1h,N/A,N/A,Horror
1648. The Rake,46m,N/A,N/A,Horror
1649. Balaayen,N/A,N/A,N/A,Horror
1650. John,1h,N/A,N/A,Horror
1651. Reefer Monster Madness,N/A,N/A,N/A,Horror
1652. Mr. Squids,1h 6m,N/A,N/A,Horror
1653. Helen,N/A,N/A,N/A,Horror
1654. Phantom Lights: UAPs of the Forest,1h 21m,N/A,N/A,Horror
1655. Tienes 24 horas,1h 1m,7.4,7,Horror
1656. Vebal,N/A,5.0,13,Horror
1657. Hançer,N/A,1.6,7,Horror
1658. 4th Die-Mension,N/A,N/A,N/A,Horror
1659. Vessel,N/A,N/A,N/A,Horror
1660. Tangled Tales: The Movie,N/A,N/A,N/A,Horror
1661. Night of the Red Moon,N/A,N/A,N/A,Horror
1662. Daughters of the Naked goddess,N/A,N/A,N/A,Horror
1663. Cin Hapishanesi,1h 15m,N/A,N/A,Horror
1664. The Other Side,3m,N/A,N/A,Horror
1665. Infrastrata,1h 5m,N/A,N/A,Horror
1666. The Witch of Hamsann,N/A,N/A,N/A,Horror
1667. Vamp Camp: Being a Melodrama in Three Parts,N/A,N/A,N/A,Horror
1668. Mutation X,51m,N/A,N/A,Horror
1669. Inside My House,N/A,N/A,N/A,Horror
1670. Bare,N/A,N/A,N/A,Horror
1671. Cin Bebek: Kabus,1h 22m,N/A,N/A,Horror
1672. EP/2,1h 8m,N/A,N/A,Horror
1673. Alter-Ego Film Project,N/A,N/A,N/A,Horror
1674. The Haunting of Michael Barrow,1h 26m,N/A,N/A,Horror
1675. Ateet Ek Prem Kahani,N/A,N/A,N/A,Horror
1676. Love Bites,1h,N/A,N/A,Horror
1677. The Fear of Phasmophobia: House of the Paranormal,13m,N/A,N/A,Horror
1678. Frica De Noapte,N/A,N/A,N/A,Horror
1679. Lacerta,N/A,N/A,N/A,Horror
1680. NOSOFACH: Balada o vesmíre,N/A,N/A,N/A,Horror
1681. A Party for Karl Marx,1h 14m,N/A,N/A,Horror
1682. Hi8 Resurrectio Director's Cut,1h 17m,N/A,N/A,Horror
1683. Udhabaani 2,2h 30m,N/A,N/A,Horror
1684. Dead Men,11m,N/A,N/A,Horror
1685. Ifritin Mührü,N/A,N/A,N/A,Horror
1686. A Vanished Puppet,1h 25m,N/A,N/A,Horror
1687. A Hot Mess,N/A,N/A,N/A,Horror
1688. As Mortes de Hera,1h 10m,N/A,N/A,Horror
1689. Witch's Lair,8m,N/A,N/A,Horror
1690. Feed the Story Box,N/A,N/A,N/A,Horror
1691. Rent4Ghost,1h 30m,N/A,N/A,Horror
1692. Maranayudham,2h 21m,N/A,N/A,Horror
1693. Dare to Stay,N/A,N/A,N/A,Horror
1694. Konodoga wa Saisei Dekimasen: The Movie,N/A,6.0,6,Horror
1695. Seytan1,N/A,5.5,7,Horror
1696. Ciudad Oculta,1h 36m,3.7,16,Horror
1697. Ahbar,1h 20m,3.0,15,Horror
1698. Cin Daveti,N/A,3.2,7,Horror
1699. Victoria Kelly,N/A,N/A,N/A,Horror
1700. Witchcast,1h 8m,N/A,N/A,Horror
1701. Kaalima,N/A,N/A,N/A,Horror
1702. House 107,N/A,N/A,N/A,Horror
1703. Silent Hill Stories,N/A,N/A,N/A,Horror
1704. Ici Dieu n'entre pas!,N/A,N/A,N/A,Horror
1705. Doom Walker,1h 5m,N/A,N/A,Horror
1706. Ondu Pishachiya Kathe,N/A,N/A,N/A,Horror
1707. Terrors,1h 5m,N/A,N/A,Horror
1708. BloodWood,1h 29m,N/A,N/A,Horror
1709. Corridor 13,1h 41m,N/A,N/A,Horror
1710. Messpsycho Evil,N/A,N/A,N/A,Horror
1711. The killer duck,47m,N/A,N/A,Horror
1712. Jungwa,1h 21m,N/A,N/A,Horror
1713. Twelve Shadows Film Anthology,N/A,N/A,N/A,Horror
1714. Cin Günü,1h 20m,N/A,N/A,Horror
1715. Twisted vision 2024,N/A,N/A,N/A,Horror
1716. Creepy Uncle Frankie,N/A,N/A,N/A,Horror
"1717. Destination: Hollywood, California",N/A,N/A,N/A,Horror
1718. Synthwave Horror: The Hands of Orlac,N/A,N/A,N/A,Horror
1719. Creepy Man Returns,Not Rated,N/A,N/A,Horror
1720. Halloween the 31st: The Curse Continues...,N/A,N/A,N/A,Horror
1721. Adopt me All hallows Eve II,35m,N/A,N/A,Horror
1722. Dream,1h 21m,N/A,N/A,Horror
1723. Drone,1h 24m,N/A,N/A,Horror
1724. Brandon Sigloch's the Riverside Slasher,57m,N/A,N/A,Horror
1725. Ihlathi Legazi,58m,N/A,N/A,Horror
1726. Gla,N/A,N/A,N/A,Horror
1727. Tears for life,N/A,N/A,N/A,Horror
1728. Black Vale: Wolfsbane,1h 28m,N/A,N/A,Horror
1729. Adipocere,N/A,N/A,N/A,Horror
1730. As Close to Me As Always,1h 37m,N/A,N/A,Horror
1731. Darr Awaaz,N/A,N/A,N/A,Horror
1732. Prologue: Thalassophilia - A Cryptograph in Three Acts,15m,N/A,N/A,Horror
1733. The Jinxed,2h 3m,N/A,N/A,Horror
1734. The Dark Beam,1h 30m,N/A,N/A,Horror
1735. Dear Mother Ghost,1h 15m,N/A,N/A,Horror
1736. The Secrets of a Drone,2h 8m,N/A,N/A,Horror
1737. Creepy Man the Final Battle,Not Rated,N/A,N/A,Horror
1738. La Llorona Evil Awakens,N/A,N/A,N/A,Horror
1739. Five Nights at TK's: The Curse of TK,1h,N/A,N/A,Horror
1740. Rakshasa Tantra,N/A,N/A,N/A,Horror
1741. Anagana O Rajkumarudu,N/A,N/A,N/A,Horror
1742. The Witch Doll of Aliester Croweley,16m,N/A,N/A,Horror
1743. Rami Noda,N/A,N/A,N/A,Horror
1744. Sinister clown till death do us apart chapter 2,N/A,N/A,N/A,Horror
1745. Lol Dog,3h 4m,N/A,N/A,Horror
1746. The Night Ground,6m,N/A,N/A,Horror
1747. Laberintos del Subconsciente (Una Película de Arte y Ensayo),1h 12m,N/A,N/A,Horror
1748. Ghostly Secrets of Hotel San Carlos,1h 23m,N/A,N/A,Horror
1749. Tethered to the Ether,N/A,N/A,N/A,Horror
1750. Interview with an Exorcist,N/A,N/A,N/A,Horror
1751. Fiebre Caribe,N/A,N/A,N/A,Horror
1752. Dream of Deceit,N/A,N/A,N/A,Horror
1753. Toll House Horrors,N/A,N/A,N/A,Horror
1754. Five Nights at Freddy's Minecraft Roleplay Movie,1h 24m,N/A,N/A,Horror
1755. A Taste for Flesh,1h 30m,N/A,N/A,Horror
1756. Scary Campfire Stories,50m,N/A,N/A,Horror
1757. Hotel Houffer,1h 52m,N/A,N/A,Horror
1758. T.C.O,1h 23m,N/A,N/A,Horror
1759. Stay Evil,1h 27m,N/A,N/A,Horror
1760. Proyecto Fantasma,2h,N/A,N/A,Horror
1761. Réfractions,1h 3m,N/A,N/A,Horror
1762. El banquete,1h 18m,N/A,N/A,Horror
1763. Strange Future,N/A,N/A,N/A,Horror
1764. Le discours des songes,1h 10m,N/A,N/A,Horror
1765. Belldoor,N/A,N/A,N/A,Horror
1766. Nellie's Bathroom Window Movie,N/A,N/A,N/A,Horror
1767. Love Like Fear,1h 30m,N/A,N/A,Horror
1768. After the First Five Nights,37m,N/A,N/A,Horror
1769. Baby Pillows,Not Rated,N/A,N/A,Horror
1770. Your Loving Mother,1h 54m,N/A,N/A,Horror
1771. La Llorona A devils chapter begins,N/A,N/A,N/A,Horror
1772. Ifrit,1h 14m,N/A,N/A,Horror
